text,label
"കേരളത്തിലെ ഏറ്റവും വലിയ ഷോപ്പിംഗ് മാളായ ഗ്രാന്റ് മാള്‍, തുടര്‍ന്നുള്ള രണ്ട് വര്‍ഷത്തിനുള്ളില്‍ തമിഴ്നാട്ടില്‍ അഞ്ച് പുതിയ കെട്ടിടങ്ങള്‍ തുറക്കുമെന്ന് പ്രഖ്യാപിച്ചു. ഈ വിപുലീകരണ പദ്ധതിക്ക് 500 കോടി രൂപയുടെ നിക്ഷേപം ആവശ്യമുണ്ട്, അത് 2,000 ത്തിലധികം തൊഴിലവസരങ്ങള്‍ സൃഷ്ടിക്കും. കമ്പനിയുടെ ചെയര്‍മാന്‍ ശ്രീ. രാജീവ് മേനോന്‍, തെക്കിന്ത്യൻ വിപണിയില്‍ കൂടുതല്‍ ഊന്നിനില്‍ക്കാനാണ് ഈ തീരുമാനം എന്ന് പറഞ്ഞു.",2
കൊച്ചിയിലെ സ്റ്റാർട്ടപ്പ് കമ്പനിയായ ഇന്നോവേറ്റ് ടെക് സൊല്യൂഷൻസ് ഇന്ത്യയിലെ ഒരു പ്രമുഖ വെഞ്ചർ കാപിറ്റൽ ഫണ്ടിൽ നിന്ന് 50 കോടി രൂപ നിക്ഷേപം നേടിയിട്ടുണ്ട്. ഈ ഫണ്ട് കമ്പനിയുടെ ആർട്ടിഫിഷ്യൽ ഇന്റലിജൻസ് സേവനങ്ങൾ വികസിപ്പിക്കാനും ദക്ഷിണേന്ത്യയിൽ അതിന്റെ ഓപ്പറേഷനുകൾ വികസിപ്പിക്കാനും ഉപയോഗിക്കും. ഈ നിക്ഷേപത്തോടെ കമ്പനി അടുത്ത രണ്ട് വർഷത്തിനുള്ളിൽ 200 പുതിയ ജോലി സ്ഥാനങ്ങൾ സൃഷ്ടിക്കുമെന്ന് പ്രതീക്ഷിക്കുന്നു.,2
കൊച്ചിയിലെ ആദ്യത്തെ ഐഎസ്ഒ സർട്ടിഫൈഡ് ഹരിത ഹൈഡ്രജൻ ഉൽപാദന യൂണിറ്റിന് ഇന്ന് ഔദ്യോഗികമായി ഉദ്ഘാടനം നടന്നു. ഇത് മാസം തോറും 50 ടൺ ഹരിത ഹൈഡ്രജൻ ഉത്പാദിപ്പിക്കുമെന്ന് കമ്പനി പ്രവർത്തക directors വ്യക്തമാക്കി. ഈ പദ്ധതിയിലൂടെ 200 ത്തോളം പേർക്ക് തൊഴിൽ അവസരങ്ങൾ ലഭിക്കുമെന്നും പ്രതീക്ഷിക്കുന്നു.,2
കേരളത്തിലെ ഏറ്റവും വലിയ റീട്ടെയിൽ ശൃംഖലയായ 'സിറ്റി മാൾട്ടി' ഈ വർഷം 50 പുതിയ കടകൾ തുറക്കാൻ തീരുമാനിച്ചു. ഈ വിപുലീകരണത്തിന് 200 കോടി രൂപയുടെ നിക്ഷേപം നടക്കുമെന്ന് കമ്പനി ഡയറക്ടർ അനു പി. മേനോൻ അറിയിച്ചു. ഇത് സംസ്ഥാനത്ത് 1000-ത്തോളം പുതിയ തൊഴിൽ അവസരങ്ങൾ സൃഷ്ടിക്കും.,2
"കൊച്ചിയിലെ ആദ്യത്തെ ഐപിഎൽ ടീമിന്റെ ഓണററി ഡയറക്ടറായി ഗൗതം മേനോൻ നിയമിതനായി. മുൻപ് കെഎൽഎ ക്രാഫ്റ്റ്സ് ഗ്രൂപ്പിന്റെ ചെയർമാനായിരുന്ന ഗൗതം, ടീമിന്റെ വിപണനവും ബ്രാൻഡിംഗും ഏറെ ശക്തിപ്പെടുത്തുമെന്ന് പ്രതീക്ഷിക്കുന്നു. ഈ നിയമനം കേരള ക്രിക്കറ്റിന് ഒരു പുതിയ ചാപ്റ്റർ തുറക്കുമെന്നാണ് വിദഗ്ദ്ധരുടെ അഭിപ്രായം.",2
കേരളത്തിലെ ടൂറിസം വ്യവസായത്തിന് പുതിയ ഊഷ്മളത. സംസ്ഥാന സർക്കാർ അടുത്ത ആഴ്ചയിൽ പുതിയ നിക്ഷേപ നയം പ്രഖ്യാപിക്കും. ഇത് വിദേശ നിക്ഷേപത്തിന് വഴിതെളിയിക്കുമെന്നും 5000-ലധികം തൊഴിലവസരങ്ങൾ സൃഷ്ടിക്കുമെന്നും പ്രതീക്ഷിക്കപ്പെടുന്നു. വ്യവസായ മേഖലയിലെ നേതാക്കൾ ഈ നടപടിയെ സ്വാഗതം ചെയ്തു.,2
കൊച്ചിയിലെ ആദ്യത്തെ ഐഎസ്ഒ സർട്ടിഫൈഡ് ഹരിത ഹൈഡ്രജൻ പ്ലാന്റിന് ഇന്ത്യൻ ഓയിൽ കോർപ്പറേഷന് (ഐഓസി) സർക്കാരിൽ നിന്ന് അനുമതി ലഭിച്ചു. 238 കോടി രൂപ മുതൽമുടക്കിലുള്ള ഈ പദ്ധതി കേരളത്തിന്റെ ഊർജ്ജ മേഖലയിൽ ഒരു പുതിയ തലമുണ്ടാക്കും. ഈ യൂണിറ്റ് പ്രതിദിനം ഏകദേശം ഐந்த് ടൺ ഹരിത ഹൈഡ്രജൻ ഉത്പാദിപ്പിക്കുമെന്ന് കമ്പനി പ്രതീക്ഷിക്കുന്നു.,2
കൊച്ചിയിലെ സ്റ്റാർട്ടപ്പ് 'ഗ്രീൻ സോൾ' 100 കോടി രൂപ നിക്ഷേപം നേടി. ഈ നിക്ഷേപം ടാറ്റ കാപിറ്റലിന്റെ നേതൃത്വത്തിലുള്ള ഒരു കൂട്ടായ്മയാണ് നൽകിയത്. കമ്പനി ഈ ഫണ്ട് ഉപയോഗിച്ച് തെക്കിന്ത്യൻ സംസ്ഥാനങ്ങളിലേക്ക് തങ്ങളുടെ സൗരോർജ്ജ പരിഹാരങ്ങൾ വികസിപ്പിക്കും എന്ന് പ്രഖ്യാപിച്ചു. ഈ ചോദനം വർഷംതോറും 40% വളർച്ച കാണുന്നു.,2
കൊച്ചിയിലെ ആദ്യത്തെ ഐഎസ്ഒ സർട്ടിഫൈഡ് ഹരിത ഹൈഡ്രജൻ ഉൽപാദന യൂണിറ്റിന്റെ തറക്കല്ലിടൽ ചടങ്ങ് ഇന്ന് നടന്നു. ഇന്ത്യയുടെ ഊർജ്ജ സ്വാതന്ത്ര്യത്തിന് വേണ്ടി പുതിയ തലമുറയിലേക്കുള്ള ഈ പ്രോജക്റ്റ് 500 കോടി രൂപ മുതൽമുടക്കിലാണ്. ഇത് സംസ്ഥാനത്തിന് വികസനത്തിന്റെ പുതിയ ദിശ തുറന്നുതരുമെന്ന് മുഖ്യമന്ത്രി പറഞ്ഞു.,2
"കേരളത്തിലെ ഏറ്റവും വലിയ ഷോപ്പിംഗ് മാളായ ലുലു ഗ്രൂപ്പ്, അടുത്ത വർഷം തമിഴ്നാട്ടിലെ കോയമ്പത്തൂരിൽ പുതിയ മാള തുറക്കും എന്ന് പ്രഖ്യാപിച്ചു. 500 കോടി രൂപ മുതൽമുടക്കിലുള്ള ഈ പദ്ധതി 2026-ലെയ്ക്ക് പൂർത്തിയാകുമെന്ന് കമ്പനി പ്രസ്താവനയിൽ സൂചിപ്പിച്ചു. ഇത് പ്രദേശത്തെ ഏകദേശം 1500 തൊഴിലവസരങ്ങൾ സൃഷ്ടിക്കും.",2
"കേരളത്തിലെ ഏറ്റവും വലിയ ഷോപ്പിംഗ് മാളായ ലുലു ഗ്രൂപ്പ്, തമിഴ്നാട്ടിലെ കോയമ്പത്തൂരിൽ പുതിയ ശാഖ തുറക്കുമെന്ന് പ്രഖ്യാപിച്ചു. 500 കോടി രൂപ മുതൽമുടക്കിലുള്ള ഈ പദ്ധതി അടുത്ത വർഷം പൂർത്തിയാകുമെന്ന് കമ്പനി പറഞ്ഞു. ഇത് പ്രദേശത്ത് 1500 ത്തോളം തൊഴിൽ അവസരങ്ങൾ സൃഷ്ടിക്കും.",2
കേരളത്തിലെ ഏറ്റവും വലിയ ഷോപ്പിംഗ് മാളായ 'ഗ്രാൻഡ് മാള്' തുടങ്ങുന്നു. കോഴിക്കോട് നഗരത്തിനടുത്തുള്ള ഈ പുതിയ കേന്ദ്രം 200-ലധികം ബ്രാന്റഡ് കടകളുമായി തുറക്കും. ഇത് 500-ലധികം തൊഴിലവസരങ്ങൾ സൃഷ്ടിക്കുമെന്ന് മാനേജിംഗ് ഡയറക്ടർ ശ്രീ. രാജീവ് മേനോൻ അറിയിച്ചു. ഈ വർഷം നവംബറിൽ ഇത് ഔദ്യോഗികമായി ഉദ്ഘാടനം ചെയ്യപ്പെടും.,2
കേരളത്തിലെ ഏറ്റവും വലിയ ഷോപ്പിംഗ് മാളായ 'ഗ്രാൻഡ് ബസാർ' തുടങ്ങുന്നു. തിരുവനന്തപുരം ജില്ലയിലെ കാഴ്ചബന്ധം പ്രദേശത്ത് നൂറു കോടി രൂപ മുതൽമുടക്കിലാണ് ഈ പദ്ധതി. ഇത് ആയിരത്തിലധികം പേർക്ക് തൊഴിൽ അവസരങ്ങൾ സൃഷ്ടിക്കും എന്ന് ഡവലപ്പർമാർ പ്രതീക്ഷിക്കുന്നു. ഈ വർഷം ഡിസംബറിൽ ഇത് പൂർണ്ണമായും പ്രവർത്തനം തുടങ്ങുമെന്ന് പ്രതീക്ഷിക്കപ്പെടുന്നു.,2
കൊച്ചിയിലെ ആദ്യത്തെ ഐടി കോ-വർക്കിംഗ് സ്പേസ് 'ഇന്നോവേഷൻ ഹബ്' അടുത്ത മാസം തുറക്കുന്നു. ഇത് ആരംഭിക്കുന്നതോടെ 50-ലധികം സ്റ്റാർട്ട്അപ്പുകൾക്കും സ്വതന്ത്ര തൊഴിലാളികൾക്കും ആധുനിക സൗകര്യങ്ങളോടെ കൂടിയ പ്രവർത്തന മേഖല ലഭ്യമാകും. ഈ പദ്ധതി പ്രാദേശിക സംരംഭകത്വത്തിന് ശക്തിയേകുമെന്ന് ഐടി മന്ത്രി പ്രകാശ് ജാവഡേക്കർ പറഞ്ഞു.,2
കൊച്ചിയിലെ ആദ്യത്തെ ഐഎസ്ഒ സർട്ടിഫൈഡ് ഹരിത ഹൈഡ്രജൻ പ്ലാന്റിന് കേരള സർക്കാർ അനുമതി നൽകി. രണ്ട് ദശലക്ഷം രൂപ മൂലധനമുള്ള ഈ പദ്ധതി സംസ്ഥാനത്തെ ശുദ്ധഊർജ്ജ മേഖലയിൽ പുതിയ തിരിവുണ്ടാക്കും. ഇത് പ്രാദേശിക തോതിൽ അഞ്ച് ദിവസത്തിനുള്ളിൽ പ്രവർത്തനമാരംഭിക്കും എന്ന് കമ്പനി ഉന്നതാധികാരികൾ പറഞ്ഞു.,2
കേരളത്തിലെ സ്റ്റാർട്ടപ്പുകൾക്ക് സർക്കാർ പുതിയ പദ്ധതി പ്രഖ്യാപിച്ചു. 'ഇന്നോവേറ്റ് കേരളം' എന്ന പദ്ധതിയിൽ 100 കോടി രൂപ നിക്ഷേപിക്കും. ഇത് യുവ സംരംഭകർക്ക് സാങ്കേതികവിദ്യയും മാർഗനിർദേശവും നൽകി ജോലി സൃഷ്ടിക്കും.,2
"കേരളത്തിലെ ഏറ്റവും വലിയ ഷോപ്പിംഗ് മാളായ ലുലു ഗ്രൂപ്പ്, അടുത്ത അഞ്ച് വർഷത്തിനുള്ളിൽ തമിഴ്നാട്ടിൽ 15,000 കോടി രൂപ നിക്ഷേപിച്ച് മൂന്ന് പുതിയ മാളുകൾ നിർമ്മിക്കുമെന്ന് പ്രഖ്യാപിച്ചു. ഈ പദ്ധതി 5,000 ത്തിലധികം പേർക്ക് തൊഴിൽ അവസരങ്ങൾ സൃഷ്ടിക്കും. ഗ്രൂപ്പിന്റെ ചെയർമാൻ എം.എ. യൂസഫലി ഇത് വിപണി വിപുലീകരണത്തിന്റെ ഒരു പ്രധാന ഘട്ടമാണെന്ന് പറഞ്ഞു.",2
കൊച്ചിയിലെ ആദ്യത്തെ ഐടി പാർക്ക് 'സൈബർ സിറ്റി' ഇന്ന് ഉദ്ഘാടനം ചെയ്യപ്പെടുന്നു. മുഖ്യമന്ത്രി പിണറായി വിജയൻ ഈ പദ്ധതി ഉദ്ഘാടനം ചെയ്യും. 50 കോടി രൂപ മുതൽമുടക്കിലുള്ള ഈ പദ്ധതി 5000 ത്തോളം തൊഴിലവസരങ്ങൾ സൃഷ്ടിക്കുമെന്ന് പ്രതീക്ഷിക്കുന്നു. ഇത് കേരളത്തിന്റെ സാങ്കേതിക മേഖലയ്ക്ക് ഒരു പുതിയ ചാല്വെജ് നൽകുമെന്ന് വിദഗ്ധർ അഭിപ്രായപ്പെടുന്നു.,2
കേരളത്തിലെ പ്രധാന വ്യവസായ മേഖലകളിലൊന്നായ കൈത്തറി മേഖലയ്ക്ക് ഗുണനിലവാരം ഉയർത്താനും ലോക കമ്പോളത്തിലെത്താനും സർക്കാർ പുതിയ ഒരു പദ്ധതി അനുമോദിച്ചു. ഇതിനായി 50 കോടി രൂപ നീക്കിവച്ചിട്ടുണ്ട്. ഈ പദ്ധതി വഴി ഏകദേശം പതിനായിരം കുടുംബങ്ങൾക്ക് നേരിട്ട് പ്രയോജനം ലഭിക്കുമെന്ന് വ്യവസായ മന്ത്രി പി. രാജീവ് പറഞ്ഞു.,2
കൊച്ചിയിലെ ആദ്യത്തെ ഐഎസ്ഒ സർട്ടിഫൈഡ് ഗ്രീൻ ഹൈഡ്രജൻ പ്ലാന്റിന് കേന്ദ്ര സർക്കാർ അനുമതി നൽകി. ടാറ്റാ മോട്ടോഴ്സിനും ഇന്ത്യൻ ഓയിൽ കോർപ്പറേഷനും (ഐഓസി) ചേർന്ന് 500 കോടി രൂപ മുതൽമുടക്കിലാണ് ഈ പദ്ധതി. ഇത് രാജ്യത്തിന്റെ ശുദ്ധ ഊർജ്ഗതാഗത മേഖലയിലെ ഒരു പ്രധാന മുന്നേറ്റമായി കണക്കാക്കപ്പെടുന്നു.,2
കൊച്ചിയിലെ ആദ്യത്തെ ഐഎസ്ഒ സർട്ടിഫൈഡ് ഹരിത ഹൈഡ്രജൻ പ്ലാന്റിന്റെ തറക്കല്ല് നാളെ വെക്കും. ടാറ്റാ മോട്ടോഴ്സിനൊപ്പം ബന്ധപ്പെട്ട കമ്പനിയായ എജിയെസിഎം ആണ് 200 കോടി രൂപ മുതൽമുടക്കിലുള്ള ഈ പദ്ധതി നടത്തുന്നത്. ഇത് കേരളത്തിലെ ശുദ്ധമായ ഊർജ മേഖലയിലെ ഒരു പ്രധാന മാറ്റമായി കണക്കാക്കപ്പെടുന്നു.,2
കൊച്ചിയിലെ ആദ്യത്തെ ഐക്യദാർഢ്യ ബാങ്ക് ശാഖ തിരുവനന്തപുരത്ത് തുറന്നു. ബാങ്കിന്റെ ചെയർമാൻ ശ്രീ. രാജീവ് മൂർത്തി ഉദ്ഘാടനം നിർവ്വഹിച്ചു. രാഷ്ട്രീയ സംഘടനകളുടെ പങ്കാളിത്തത്തോടെയുള്ള ഈ ബാങ്കിംഗ് മാതൃക രാജ്യത്ത് തന്നെ ആദ്യമാണെന്ന് അദ്ദേഹം പറഞ്ഞു. പുതിയ ശാഖയിലൂടെ എല്ലാ വിഭാഗം ആളുകൾക്കും ആധുനിക ബാങ്കിംഗ് സേവനങ്ങൾ ലഭ്യമാക്കുമെന്നും അറിയിച്ചു.,2
കേരളത്തിലെ ഏറ്റവും വലിയ ഷോപ്പിംഗ് മാളായ 'ഗ്രാൻഡ് മാള' തിരുവനന്തപുരത്ത് അടുത്ത മാസം തുറക്കും. 150 കോടി രൂപ മുതൽമുടക്കിലുള്ള ഈ പദ്ധതി 500-ലധികം ആളുകൾക്ക് തൊഴിൽ നൽകും. ഇത് നഗരത്തിന്റെ ചിലപ്പുറം വ്യാപാര കേന്ദ്രമായി മാറുമെന്ന് പ്രതീക്ഷിക്കുന്നു.,2
കൊച്ചിയിലെ സ്റ്റാർട്ടപ്പ് 'ഗ്രീൻ ടെക് സൊലൂഷൻസ്' 50 കോടി രൂപ നിക്ഷേപം നേടി. ഈ ഫണ്ടിംഗ് നേതൃത്വം നൽകിയത് ബെംഗളൂരുകേന്ദ്രീകരിച്ച ഒരു വെഞ്ചർ കാപിറ്റൽ ഫംഗ്ഷനാണ്. കമ്പനി പുതിയ തൊഴിലവസരങ്ങൾ സൃഷ്ടിക്കുകയും സസ്തനികളുടെ മാനേജ്മെന്റിനായി അവരുടെ ആർട്ടിഫിഷ്യൽ ഇന്റലിജൻസ് പ്ലാറ്റ്ഫോം വികസിപ്പിക്കുകയും ചെയ്യും എന്ന് പ്രഖ്യാപിച്ചു.,2
"കൊച്ചിയിലെ ആദ്യത്തെ ഐഎസ്ഒ സർട്ടിഫൈഡ ഗ്രീൻ ഹൈഡ്രജൻ പ്ലാന്റിന് കേരള സർക്കാർ ഹരിത ശ്രേണി നൽകി. ഇത് രാജ്യത്തെ ശുദ്ധ ഊർജ്ജ മേഖലയിൽ ഒരു പ്രധാന മാറ്റമാണ്. 50 മെഗാവാട്ട് ശേഷിയുള്ള ഈ പദ്ധതി വർഷത്തിൽ 5,000 തൊഴിലവസരങ്ങൾ സൃഷ്ടിക്കുമെന്ന് പ്രതീക്ഷിക്കുന്നു. ഇത് സംസ്ഥാനത്തിന്റെ സുസ്ഥിര വികസന ലക്ഷ്യങ്ങളെ ശക്തിപ്പെടുത്തും.",2
കേരളത്തിലെ ഏറ്റവും വലിയ റീട്ടെയിൽ ശൃംഖലയായ 'മാതൃഭൂമി മാൾസ്' തമിഴ്നാട്ടിലെ കോയമ്പത്തൂരിൽ പുതിയ ബ്രാഞ്ച് തുറക്കുമെന്ന് കമ്പനി പ്രഖ്യാപിച്ചു. ഈ വർഷം അവസാനം വരെ തെക്കേ ഇന്ത്യയിൽ 10 പുതിയ കടകൾ തുറക്കാനുള്ള പദ്ധതിയാണ് കമ്പനിക്കുള്ളതെന്ന് എംഡി ശ്രീ. രാജീവ് മേനോൻ വ്യക്തമാക്കി. 200 കോടി രൂപയുടെ നിക്ഷേപത്തോടെയുള്ള ഈ വികസനം 500-ലധികം പേർക്ക് തൊഴിൽ അവസരങ്ങൾ സൃഷ്ടിക്കും.,2
കൊച്ചിയിലെ ആദ്യത്തെ ഐഎസ്ഒ സർട്ടിഫൈഡ് ഗ്രീൻ ഹൈഡ്രജൻ പ്ലാന്റിന് കേരള സർക്കാർ അനുമതി നൽകി. രണ്ടായിരം കോടി രൂപ മുതൽമുടക്കിലുള്ള ഈ പദ്ധതി നടപ്പാക്കുന്നത് ഹൈഡ്രജൻ എനർജി ലാബ്സ് ആണ്. ഇത് സംസ്ഥാനത്തേക്ക് വൻനിക്ഷേപം ആകർഷിക്കുകയും ശുദ്ധവായു ലക്ഷ്യങ്ങൾക്ക് വേഗം കൂട്ടുകയും ചെയ്യും.,2
കൊച്ചിയിലെ സ്റ്റാർട്ടപ്പ് കമ്പനി ഗ്രീൻടെക് സോളൂഷൻസ് ജപ്പാനിലെ ഒരു നിക്ഷേപ കമ്പനിയിൽ നിന്ന് 50 കോടി രൂപ നിക്ഷേപം നേടി. ഈ ഫണ്ട് പുതിയ ഊർജ്ഛാപക സാങ്കേതികവിദ്യ വികസിപ്പിക്കാനും ഏഷ്യൻ വിപണികളിലേക്ക് വ്യാപാരം വികസിപ്പിക്കാനും ഉപയോഗിക്കും. കമ്പനി ഇത് വർഷാവസാനം前までに 50 പുതിയ ജോലി സ്ഥാനങ്ങൾ സൃഷ്ടിക്കുമെന്ന് പ്രതീക്ഷിക്കുന്നു.,2
കേരളത്തിലെ ഏറ്റവും വലിയ ഷോപ്പിംഗ് മാളായ ഗ്രാന്റ് മാളിൽ ഒരു പുതിയ ഫുഡ് കോർട്ട് തുറന്നു. ഇത് 50-ലധികം പാചകക്കാരെ തൊഴിലവസരമായി നൽകുമെന്ന് മാനേജ്മെന്റ് പറഞ്ഞു. ഈ നിക്ഷേപം പ്രാദേശിക സാമ്പത്തിക പ്രവർത്തനങ്ങളെ ശക്തിപ്പെടുത്തുമെന്ന് പ്രതീക്ഷിക്കപ്പെടുന്നു.,2
"കേരളത്തിലെ ഏറ്റവും വലിയ റീട്ടെയിൽ ശൃംഖലയായ 'സൗഭാഗ്യ മാർട്ട്', അടുത്ത അഞ്ച് വർഷത്തിനുള്ളിൽ 50 പുതിയ ശാഖകൾ തുറക്കാൻ തീരുമാനിച്ചു. ഈ വിപുലീകരണത്തിനായി കമ്പനി 200 കോടി രൂപ നിക്ഷേപിക്കും. ഇത് സംസ്ഥാനത്ത് 1,000 ത്തോളം പുതിയ തൊഴിൽ അവസരങ്ങൾ സൃഷ്ടിക്കുമെന്ന് ചെയർമാൻ രാജീവ് മേനോൻ അറിയിച്ചു.",2
"കൊച്ചിയിലെ ആദ്യത്തെ ഐടി പാർക്ക് 'ഇൻ്ഫോപാർക്ക്' അടുത്ത മൂന്ന് വർഷത്തിനുള്ളിൽ 5,000 പുതിയ ജോലികൾ സൃഷ്ടിക്കുമെന്ന് കമ്പനി അധികൃതർ പ്രഖ്യാപിച്ചു. ഇതിനായി 200 കോടി രൂപ നിക്ഷേപിക്കാനുള്ള പദ്ധതിയാണ് അവർ മുന്നോട്ട് വയ്ക്കുന്നത്. ഈ വികസനം സംസ്ഥാനത്തിന് കൂടുതൽ വിദേശ നിക്ഷേപം ആകർഷിക്കുമെന്ന് പ്രതീക്ഷിക്കുന്നു.",2
"കൊച്ചിയിലെ ആദ്യത്തെ ഐഎസ്ഒ സർട്ടിഫൈഡ് ഹരിത ഹൈഡ്രജൻ പ്ലാന്റിന് ഇന്ത്യൻ ഓയിൽ കോർപ്പറേഷന് (ഐഓസി) സർക്കാർ അനുമതി നൽകി. 238 കോടി രൂപ മുതൽമുടക്കിലുള്ള ഈ പദ്ധതി വർഷത്തിൽ 5,000 മെട്രിക് ടൺ ഹരിത ഹൈഡ്രജൻ ഉത്പാദിപ്പിക്കും. ഇത് കമ്പനിയുടെ കാർബൺ അടിസ്ഥാനം കുറയ്ക്കുന്നതിന് പ്രധാന പങ്ക് വഹിക്കും.",2
കൊച്ചിയിലെ ആദ്യത്തെ ഐഎസ്ഒ സർട്ടിഫൈഡ് ഹരിത ഹൈഡ്രജൻ പ്ലാന്റിന് ബിസിനസ്സ് ഓൺമാർക്ക് ലഭിച്ചു. 50 കോടി രൂപ മുതൽമുടക്കിലുള്ള ഈ പദ്ധതി തുടക്കത്തിൽ ദിവസേന 10 ടൺ ഹൈഡ്രജൻ ഉത്പാദിപ്പിക്കും. ഇത് പ്രാദേശിക വ്യവസായങ്ങൾക്ക് ശുദ്ധമായ ഊർജ്ജം നൽകുകയും കേരളത്തിന്റെ ശുദ്ധോർജ്ജ ലക്ഷ്യങ്ങൾക്ക് വേഗത കൂട്ടുകയും ചെയ്യും.,2
"കൊച്ചിയിലെ ആദ്യത്തെ ഐഎസ്ഒ സർട്ടിഫൈഡ് ഹരിത ഹൈഡ്രജൻ പ്ലാന്റിന് കേന്ദ്ര സർക്കാർ അന്തിമ അനുമതി നൽകി. 500 കോടി രൂപ മുതൽമുടക്കിലുള്ള ഈ പദ്ധതി രാജ്യത്തിന്റെ ശുദ്ധഊർജ്ജ ലക്ഷ്യങ്ങൾക്ക് വളരെയധികം സഹായകരമാകും. ഇത് സ്ഥാപിക്കുന്നത് ഇടുക്കി ജില്ലയിലാണ്, അത് 300-ലധികം തൊഴിലവസരങ്ങൾ സൃഷ്ടിക്കും.",2
"കേരളത്തിലെ ഏറ്റവും വലിയ ഷോപ്പിംഗ് മാളായ ലുലു ഗ്രൂപ്പ്, തമിഴ്നാട്ടിലെ കോയമ്പത്തൂരിൽ പുതിയ മാള നിർമ്മിക്കാൻ തീരുമാനിച്ചു. 500 കോടി രൂപയുടെ ഈ നിക്ഷേപത്തിന് സംസ്ഥാന സർക്കാർ സമ്മതം നൽകിയിട്ടുണ്ട്. ഈ പദ്ധതി 2027-ലേക്ക് പൂർത്തിയാകുമെന്നും 2000-ത്തോളം പേർക്ക് തൊഴിൽ അവസരം ലഭിക്കുമെന്നും കമ്പനി പ്രഖ്യാപിച്ചു.",2
"കേരളത്തിലെ പ്രധാന വ്യവസായ സംരംഝനമായ കോച്ചി ഇൻഫോപാർക്ക് അടുത്ത അഞ്ച് വർഷത്തേക്ക് 500 കോടി രൂപ നിക്ഷേപിക്കാൻ തീരുമാനിച്ചു. ഈ പദ്ധതിയിൽ ആർട്ടിഫിഷ്യൽ ഇന്റലിജൻസ്, സൈബർ സെക്യൂരിറ്റി എന്നീ മേഖലകളിൽ പുതിയ സ്റ്റാർട്ടപ്പുകളെ പിന്തുണയ്ക്കുന്നതിന് ഒരു സ്പെഷ്യൽ ആക്സിലറേറ്റർ പ്രോഗ്രാം ഉൾപ്പെടുന്നു. ഇത് 2,000 ത്തോളം ഉയർന്ന നിലവാരമുള്ള തൊഴിലവസരങ്ങൾ സൃഷ്ടിക്കുമെന്ന് പ്രതീക്ഷിക്കപ്പെടുന്നു.",2
"കേരളത്തിലെ ഏറ്റവും വലിയ ഷോപ്പിംഗ് മാളായ ലുലു ഗ്രൂപ്പ്, തമിഴ്നാട്ടിലെ കോയമ്പത്തൂരിൽ പുതിയ മാള നിർമ്മിക്കാൻ തീരുമാനിച്ചു. 500 കോടി രൂപയുടെ ഈ നിക്ഷേപ പദ്ധതി അടുത്ത വർഷം ആരംഭിക്കുമെന്ന് കമ്പനി ഡയറക്ടർ അറിയിച്ചു. ഇത് പ്രദേശത്ത് 1500 ത്തോളം തൊഴിലവസരങ്ങൾ സൃഷ്ടിക്കും എന്ന് പ്രതീക്ഷിക്കുന്നു.",2
"കൊച്ചിയിലെ ആദ്യത്തെ ഐഎസ്ഒ സർട്ടിഫൈഡ് ഹരിത ഹൈഡ്രജൻ ഉൽപാദന യൂണിറ്റിന് ഇന്ന് ഉദ്ഘാടനം നടന്നു. കേന്ദ്ര മന്ത്രി എച്ച്. എസ്. പൂരിയാണ് 50 കോടി രൂപ മുതൽമുടക്കിലുള്ള ഈ പദ്ധതി ഉദ്ഘാടനം ചെയ്തത്. ഈ യൂണിറ്റിൽ നിന്ന് ദിവസവും 100 കിലോഗ്രാം ഹൈഡ്രജൻ ഉത്പാദിപ്പിക്കാൻ സാധിക്കും, ഇത് പ്രാദേശിക വ്യവസായങ്ങൾക്ക് ഊർജ സുരക്ഷിതത വർദ്ധിപ്പിക്കും.",2
"കേരളത്തിലെ ഏറ്റവും വലിയ ഷോപ്പിംഗ് മാളായ ലുലു ഗ്രൂപ്പ്, തമിഴ്നാട്ടിലെ കോയമ്പത്തൂരിൽ പുതിയ ഒരു മാള നിർമ്മിക്കുമെന്ന് പ്രഖ്യാപിച്ചു. 500 കോടി രൂപയുടെ ഈ നിക്ഷേപത്തിലൂടെ 2000-ത്തോളം നേരിട്ടുള്ള തൊഴിൽ അവസരങ്ങൾ സൃഷ്ടിക്കും. ഈ പദ്ധതി അടുത്ത മൂന്ന് വർഷത്തിനുള്ളിൽ പൂർത്തിയാകുമെന്ന് കമ്പനി പ്രതീക്ഷിക്കുന്നു.",2
കേരളത്തിലെ ഏറ്റവും വലിയ ഷോപ്പിംഗ് മാളായ ഗ്രാന്റ് മാളിന് ഒരു പുതിയ നിക്ഷേപ ഭാഗീദാരെ ലഭിച്ചു. ദുബായ് ആസ്ഥാനമായുള്ള എൽ ആന്റ് ടി ഗ്രൂപ്പ് 500 കോടി രൂപ മൂലധനം നൽകി കമ്പനിയിലെ 26 ശതമാനം പങ്കാളിത്തം വാങ്ങി. ഈ നിക്ഷേപത്തോടെ കമ്പനിയുടെ വിപണന മൂല്യം 2000 കോടി രൂപയായി ഉയർന്നതായി അധികൃതർ അറിയിച്ചു.,2
കൊച്ചിയിലെ സ്റ്റാർട്ടപ്പ് 'ഗ്രീൻ ടെക് സൊലൂഷൻസ്' 50 കോടി രൂപ നിക്ഷേപം നേടി. ഈ നിക്ഷേപം നയിക്കുന്നത് മുംബൈയിലെ ഒരു വെഞ്ചർ കാപിറ്റൽ ഫണ്ടാണ്. ഈ ഫണ്ട് ഉപയോഗിച്ച് കമ്പനി തന്റെ ഓപ്പറേഷൻസ് വികസിപ്പിക്കുകയും 50 പുതിയ ജോലി സ്ഥാനങ്ങൾ സൃഷ്ടിക്കുകയും ചെയ്യും എന്ന് പ്രഖ്യാപിച്ചു.,2
കൊച്ചിയിലെ ആദ്യത്തെ ഐടി പാർക്ക് 'ഇൻ്ഫോപാർക്ക്' അടുത്ത മൂന്ന് വർഷത്തിനുള്ളിൽ 5000 ജോലി അവസരങ്ങൾ സൃഷ്ടിക്കുമെന്ന് കമ്പനി ഡയറക്ടർമാർ വ്യക്തമാക്കി. ഇതിനായി 200 കോടി രൂപ നിക്ഷേപിക്കാൻ കമ്പനി തീരുമാനിച്ചു. ഈ വികസനം സ്ഥലീയ സാമ്പത്തിക വളർചക്ക് ശക്തിയേകുമെന്ന് പ്രതീക്ഷിക്കുന്നു.,2
കേരളത്തിലെ സ്റ്റാർട്ടപ്പുകൾക്ക് നല്ലൊരു വാർത്ത. സംസ്ഥാന സർക്കാർ പുതിയ 'ഇൻോവേറ്റ് കേരള' പദ്ധതി പ്രഖ്യാപിച്ചു. ആദ്യ വർഷത്തിൽ 500-ലധികം ചെറുകിട ബിസിനസുകൾക്ക് 50 കോടി രൂപ സഹായം നൽകും. ഇത് തൊഴിലവസരങ്ങൾ വർദ്ധിപ്പിക്കുകയും സാമ്പത്തിക വളർച്ചയെ പ്രോത്സാഹിപ്പിക്കുകയും ചെയ്യുമെന്ന് പ്രതീക്ഷിക്കുന്നു.,2
കൊച്ചിയിലെ ആദ്യത്തെ ഐഎസ്ഒ സർട്ടിഫൈഡ് ഗ്രീൻ ഹൈഡ്രജൻ പ്ലാന്റിന് ബിഎസ്ഇ ലിസ്റ്റുചെയ്തിരിക്കുന്ന ഹൈഡ്രോജൻ പവർ സിസ്റ്റംസ് കേരളത്തിൽ തുടക്കം കുറിക്കുന്നു. 50 മെഗാവാട്ട് ശേഷിയുള്ള ഈ പദ്ധതിക്ക് 500 കോടി രൂപയുടെ നിക്ഷേപം പ്രതീക്ഷിക്കുന്നു. ഇത് സംസ്ഥാനത്ത് 300-ലധികം പേർക്ക് തൊഴിൽ അവസരങ്ങൾ സൃഷ്ടിക്കുകയും ശുദ്ധമായ ഊർജ്ജത്തിലേക്കുള്ള മാറ്റത്തിന് വേഗം കൂട്ടുകയും ചെയ്യും.,2
കൊച്ചിയിലെ ആദ്യത്തെ ഐഎസ്ഒ സർട്ടിഫൈഡ് ഗ്രീൻ ഹൈഡ്രജൻ പ്ലാന്റിന് കേരള സർക്കാർ അനുമതി നൽകി. രണ്ടായിരം കോടി രൂപ മൂലധനമുള്ള ഈ പദ്ധതി ആദ്യഘട്ടത്തിൽ പ്രതിദിനം പത്ത് ടൺ ഹൈഡ്രജൻ ഉത്പാദിപ്പിക്കും. ഇത് സംസ്ഥാനത്തെ ശുദ്ധവായു ലക്ഷ്യങ്ങൾ നേടുന്നതിനും പുതിയ തൊഴിൽ അവസരങ്ങൾ സൃഷ്ടിക്കുന്നതിനും സഹായിക്കും.,2
"കൊച്ചിയിലെ ആദ്യത്തെ ഐടി പാർക്കിന് കേന്ദ്ര സർക്കാർ അന്തിമ അനുമതി നൽകി. 50 ഏക്കർ പ്രദേശത്ത് നിർമിക്കാനുള്ള ഈ പദ്ധതിക്ക് 200 കോടി രൂപയാണ് നിക്ഷേപിക്കുന്നത്. ഇത് 5,000 ത്തിലധികം തൊഴിലവസരങ്ങൾ സൃഷ്ടിക്കുമെന്ന് പ്രതീക്ഷിക്കുന്നു. സംസ്ഥാനത്തെ സാങ്കേതിക മേഖലയ്ക്ക് ഇത് ഒരു പ്രധാന തിരിവാകും.",2
"കൊച്ചിയിലെ ആദ്യത്തെ ഐടി പാർക്കിന് കേന്ദ്ര സർക്കാരിന്റെ അന്തിമ അനുമതി ലഭിച്ചു. 200 കോടി രൂപ മുതൽമുടക്കിലുള്ള ഈ പദ്ധതി 5,000 ത്തോളം തൊഴിലവസരങ്ങൾ സൃഷ്ടിക്കും. കേരളത്തിന്റെ സാങ്കേതിക മേഖലയ്ക്ക് ഇത് ഒരു പ്രധാന തിരിവാകുമെന്ന് മുഖ്യമന്ത്രി പിണറായി വിജയൻ പറഞ്ഞു.",2
കൊച്ചിയിലെ ആദ്യത്തെ ഐഎസ്ഒ സർട്ടിഫൈഡ് ഹരിത ഹൈഡ്രജൻ ഉൽപാദന യൂണിറ്റിന് ഇന്ന് ഔദ്യോഗികമായി തുടക്കം കുറിച്ചു. ഇത് ദിവസേന 10 ടൺ ഹൈഡ്രജൻ ഉത്പാദിപ്പിക്കുമെന്ന് കമ്പനി പ്രസ്താവനയിൽ വ്യക്തമാക്കി. ഈ പദ്ധതി രാജ്യത്തെ ഊർജ്ജ മേഖലയിൽ ഒരു പുതിയ യുഗം ആരംഭിക്കുമെന്ന് വ്യവസായ മന്ത്രി പറഞ്ഞു.,2
കേരളത്തിലെ ഏറ്റവും വലിയ റീടെയിൽ ശൃംഖലയായ 'സിറ്റി മാർട്ട്' അടുത്ത വർഷം തമിഴ്നാട്ടിൽ 20 പുതിയ കേന്ദ്രങ്ങൾ തുറക്കാൻ തീരുമാനിച്ചു. ഈ വിപുലീകരണത്തിന് 200 കോടി രൂപയുടെ നിക്ഷേപം നടക്കുമെന്ന് കമ്പനി ഡയറക്ടർ അനിൽ കുമാർ പറഞ്ഞു. ഇത് 1500 തൊഴിലവസരങ്ങൾ സൃഷ്ടിക്കുമെന്നും അവർ പ്രതീക്ഷിക്കുന്നു.,2
"കേരളത്തിലെ സ്റ്റാർട്ടപ്പുകൾക്ക് സർക്കാർ പുതിയ ധനസഹായ പദ്ധതി പ്രഖ്യാപിച്ചു. ഈ പദ്ധതി പ്രകാരം 100 കോടി രൂപ വിനിയോഗിച്ച് 500-ലധികം ചെറുകിട ബിസിനസുകൾക്ക് പ്രോത്സാഹനം നൽകും. സാങ്കേതികവിദ്യ, കൃഷി, വിനോദസഞ്ചാരം എന്നീ മേഖലകളിലുള്ള സംരംഭകർക്കാണ് ഇതിൽ പ്രാധാന്യം നൽകിയിരിക്കുന്നത്. ഈ നടപടി സംസ്ഥാനത്തെ സാമ്പത്തിക വളർച്ചയെ ത്വരിതപ്പെടുത്തുമെന്ന് പ്രതീക്ഷിക്കുന്നു.",2
"കേരളത്തിലെ ഏറ്റവും വലിയ ഷോപ്പിംഗ് മാളായ 'ഗ്രാൻഡ് മാള്' ഇന്ന് തുറന്നു. ഏഴ് നിലകളുള്ള ഈ മാളിൽ 300-ലധികം ബ്രാന്റഡ് കടകളും ഒരു മൾട്ടിപ്ലെക്സ് തിയേറ്ററും ഉൾപ്പെടുന്നു. ഈ പദ്ധതി 500 കോടി രൂപ മുതൽമുടക്കിലാണ് നിർമ്മിച്ചത്, 2000-ലധികം പേർക്ക് തൊഴിൽ അവസരം ഉണ്ടാക്കുമെന്ന് മാനേജിംഗ് ഡയറക്ടർ അറിയിച്ചു.",2
കൊച്ചിയിലെ ആദ്യത്തെ ഐടി പാർക്ക് 'ഇൻ്ഫോപാർക്കിൻ്റെ' പുതിയ ബ്ലോക്കിൻ്റെ തറക്കല്ല് ഇന്ന് വ്യവസായ മന്ത്രി പി. രാജീവ് സ്ഥാപിച്ചു. 50 കോടി രൂപ മുതൽമുടക്കിലുള്ള ഈ പദ്ധതി 5000 ത്തോളം തൊഴിലവസരങ്ങൾ സൃഷ്ടിക്കും. ടെക് കമ്പനികൾക്കായി ഉയർന്ന തന്ത്രജ്ഞാന സൗകര്യങ്ങൾ ഈ കേന്ദ്രം നൽകുന്നതിനാൽ കേരളത്തിൻ്റെ സാമ്പത്തിക വളർച്ചയ്ക്ക് ശക്തിയേകും എന്ന് പ്രതീക്ഷിക്കുന്നു.,2
"കേരളത്തിലെ ഏറ്റവും വലിയ ഷോപ്പിംഗ് മാളായ ലുലു, തിരുവനന്തപുരത്ത് പുതിയ ഹൈടെക് ഡാറ്റാ സെന്റർ ആരംഭിച്ചു. ഇത് 500 കോടി രൂപ നിക്ഷേപത്തോടെ സ്ഥാപിച്ചതാണ്. ഈ സംവിധാനം ഓണ്ലൈൻ, ഓഫ്ലൈൻ വ്യാപാര പ്രവർത്തനങ്ങൾക്ക് ശക്തമായ ബേക്ക് അപ്പ് നൽകും. കമ്പനി അടുത്ത അഞ്ച് വർഷത്തിനുള്ളിൽ 200 പുതിയ ജോലി സ്ഥാനങ്ങൾ സൃഷ്ടിക്കുമെന്ന് പ്രതീക്ഷിക്കുന്നു.",2
"കൊച്ചിയിലെ ആദ്യത്തെ ഐഎസ്ഒ സർട്ടിഫൈഡ് ഹരിത ഹൈഡ്രജൻ ഉൽപാദന യൂണിറ്റിന് ഇന്ന് ഔദ്യോഗികമായി തുടക്കം കുറിച്ചു. ഇത് രാജ്യത്തെ ഊർജ്ജ മേഖലയിൽ ഒരു പുതിയ തലമുറയുടെ ആരംഭമാണെന്ന് കമ്പനി ഡയറക്ടർ മനു പണിക്കർ പറഞ്ഞു. ഈ പദ്ധതി വാർഷികമായി 5,000 ടൺ ഹരിത ഹൈഡ്രജൻ ഉത്പാദിപ്പിക്കുകയും കേരളത്തിലെ വ്യവസായങ്ങൾക്ക് ഊർജ്ജ സുരക്ഷ നൽകുകയും ചെയ്യും.",2
കേരളത്തിലെ ഏറ്റവും വലിയ ഷോപ്പിംഗ് മാളായ 'ഗ്രാൻഡ് മാള്' തിരുവനന്തപുരത്ത് അടുത്ത മാസം തുറക്കും. 150 കോടി രൂപ മുതല് മുടക്കിയ ഈ പദ്ധതി നഗരത്തില് 500 ത്തിലധികം തൊഴിലവസരങ്ങൾ സൃഷ്ടിക്കും. ഇത് സംസ്ഥാനത്തിന്റെ ചില്ലറ വ്യാപാര മേഖലയ്ക്ക് ഒരു പുതിയ ചുവടുറപ്പിക്കും എന്ന് കമ്പനി ഡയറക്ടർ അറിയിച്ചു.,2
കൊച്ചിയിലെ ആദ്യത്തെ ഐഎസ്ഒ സർട്ടിഫൈഡ് ഹരിത ഹൈഡ്രജൻ പ്ലാന്റിന് കേരള സർക്കാർ ഇന്നു തുടക്കം കുറിച്ചു. 50 മെഗാവാട്ട് ശേഷിയുള്ള ഈ പദ്ധതിക്ക് 950 കോടി രൂപ നിക്ഷേപം ചെലവാകും. ഇത് സംസ്ഥാനത്തെ ഊർജ്ജ മേഖലയിൽ ഒരു പുതിയ യുഗം ഉണ്ടാക്കുമെന്ന് മുഖ്യമന്ത്രി പിണറായി വിജയൻ പ്രഖ്യാപിച്ചു.,2
കൊച്ചിയിലെ ആദ്യത്തെ ഐടി പാർക്ക് 'സൈബർ സിറ്റി' അടുത്ത മാസം ഔപചാരികമായി തുറക്കും. ഇത് 5000 ത്തിലധികം തൊഴിലവസരങ്ങൾ സൃഷ്ടിക്കുമെന്ന് പ്രതീക്ഷിക്കുന്നു. ആദ്യ ഘട്ടത്തിൽ അഞ്ച് വലിയ ടെക് കമ്പനികൾ ഇവിടെ പ്രവർത്തനം ആരംഭിക്കും. ഇത് കേരളത്തിന്റെ സാമ്പത്തിക വളർച്ചയ്ക്ക് ഒരു പ്രധാന ചാലക്ക് ആയിരിക്കും.,2
"കൊച്ചിയിലെ ആദ്യത്തെ ഐഎസ്ഒ സർട്ടിഫൈഡ് ഹരിത ഹൈഡ്രജൻ പ്ലാന്റിന് ബിഎസ്ഇ ലിസ്റ്റഡ് കമ്പനിയായ ഗ്രീൻഎനർജി കോർപ്പറേഷൻ ഇന്ത്യ (ജിഇസിഐ) അനുമതി നൽകി. 50 മെഗാവാട്ട് ശേഷിയുള്ള ഈ പദ്ധതി വർഷത്തിൽ 5,00,000 ടൺ കാർബൺ ഉദ്വമനം കുറയ്ക്കുമെന്ന് കമ്പനി പ്രതീക്ഷിക്കുന്നു. ഇത് രാജ്യത്തെ ശുദ്ധമായ ഊർജ്ജ മേഖലയിലെ ഒരു പ്രധാന മാര്ഗ്ഗസൂചകമായി കണക്കാക്കപ്പെടുന്നു.",2
"കേരളത്തിലെ ഏറ്റവും വലിയ ഷോപ്പിംഗ് മാളായ ലുലു, തിരുവനന്തപുരത്ത് പുതിയ ഹൈടെക് ഡാറ്റാ സെന്റർ ആരംഭിച്ചു. ഇത് 10 മില്യൺ ഡോളർ മുതൽമുടക്കിലാണ് നിർമ്മിച്ചിരിക്കുന്നത്. ഈ സംരംഭത്തിലൂടെ 500 ത്തോളം പേർക്ക് തൊഴിൽ അവസരങ്ങൾ സൃഷ്ടിക്കുമെന്ന് കമ്പനി പ്രസ്താവനയിൽ പറഞ്ഞു. പ്രാദേശിക സാമ്പത്തിക വളർചയ്ക്ക് ഇത് ഗണ്യമായി സഹായിക്കുമെന്ന് പ്രതീക്ഷിക്കുന്നു.",2
"കേരളത്തിലെ ഏറ്റവും വലിയ ഷോപ്പിംഗ് മാളായ ലുലു, തിരുവനന്തപുരത്ത് പുതിയ ഹൈ-റൈസ് ഓഫീസ് കോംപ്ലക്സ് ആരംഭിക്കുന്നു. 200 കോടി രൂപ മുതൽമുടക്കിലുള്ള ഈ പദ്ധതി 2026-ല് പൂർത്തിയാകും എന്ന് കമ്പനി പ്രഖ്യാപിച്ചു. ഇത് നഗരത്തിലെ ബിസിനസ് ഹബ് എന്ന നിലപാട് ശക്തിപ്പെടുത്തുമെന്ന് പ്രതീക്ഷിക്കുന്നു.",2
കൊച്ചിയിലെ ആദ്യത്തെ ഐഎസ്ഒ സർട്ടിഫൈഡ് ഹരിത ഹൈഡ്രജൻ പ്ലാന്റിന് ഇന്ത്യൻ ഓയിൽ കോർപ്പറേഷന് (ഐഓസി) സർക്കാരിൽ നിന്ന് അനുമതി ലഭിച്ചു. 175 കോടി രൂപ മുതൽമുടക്കിലുള്ള ഈ പദ്ധതി കേരളത്തിന്റെ ഊർജ്ജ മേഖലയിൽ ഒരു പുതിയ അധ്യായമായി മാറും. ഈ യൂണിറ്റ് പ്രതിദിനം ഏകദേശം ഐந்த് ടൺ ഹരിത ഹൈഡ്രജൻ ഉത്പാദിപ്പിക്കുമെന്ന് കമ്പനി പ്രതീക്ഷിക്കുന്നു.,2
"കേരളത്തിലെ സ്റ്റാർട്ടപ്പുകൾക്ക് വൻതോതിലുള്ള നിക്ഷേപം ലഭിക്കുമെന്ന് പ്രതീക്ഷിക്കുന്നു. സംസ്ഥാന സർക്കാർ പ്രഖ്യാപിച്ച 'ഫ്യൂച്ചർ ഫൗണ്ടേഷൻ' പദ്ധതിയിൽ 500 കോടി രൂപ വിനിയോഗിക്കും. ആദ്യഘട്ട സംരംഭങ്ങൾക്ക് ധനസഹായവും മെന്റർഷിപ്പും നൽകി വളർച്ച ത്വരിതപ്പെടുത്തുകയാണ് ലക്ഷ്യം. ഈ നടപടി സാങ്കേതികവിദ്യ, കൃഷി, ആരോഗ്യം എന്നീ മേഖലകളിൽ പുതിയ സാധ്യതകൾ തുറക്കും.",2
"കൊച്ചിയിലെ ആദ്യത്തെ ഐഎസ്ഒ സർട്ടിഫൈഡ് ഹരിത ഹൈഡ്രജൻ പ്ലാന്റിന് ഇന്ത്യൻ ഓയിൽ കോർപ്പറേഷന് (ഐഓസി) സർക്കാരിൽ നിന്ന് അനുമതി ലഭിച്ചു. 35 കോടി രൂപ മൂലധനമിട്ടുള്ള ഈ പദ്ധതി കേരളത്തിലെ വ്യവസായ മേഖലയിലേക്കുള്ള ശുദ്ധമായ ഊർജ്ജ സ്രോതസ്സുകളുടെ ഒരു പ്രധാന ഘട്ടമാണ്. ഈ യൂണിറ്റ് വാർഷികമായി 1,400 ടൺ ഹരിത ഹൈഡ്രജൻ ഉത്പാദിപ്പിക്കുമെന്ന് കമ്പനി പ്രതീക്ഷിക്കുന്നു.",2
കൊച്ചിയിലെ ആദ്യത്തെ ഐഎസ്ഒ സർട്ടിഫൈഡ് ഗ്രീൻ ഹൈഡ്രജൻ പ്ലാന്റിന് കേരള സർക്കാർ അനുമതി നൽകി. രണ്ട് വർഷത്തിനുള്ളിൽ പൂർത്തിയാകുന്ന ഈ പദ്ധതിക്ക് 850 കോടി രൂപ നിക്ഷേപമാണ് പ്രതീക്ഷിക്കുന്നത്. ഇത് സംസ്ഥാനത്തെ ശുദ്ധജല ഊർജ്ജ മേഖലയിൽ ഒരു പ്രധാന മാറ്റമാകുമെന്ന് വ്യവസായ മന്ത്രി പി. രാജീവ് പറഞ്ഞു.,2
കേരളത്തിലെ സ്റ്റാർട്ടപ്പുകൾക്ക് വലിയ തിരിച്ചടിയാണ് സംസ്ഥാന ബജറ്റിൽ പ്രഖ്യാപിച്ച ആനുകൂല്യങ്ങൾ. സ്റ്റാർട്ടപ്പുകൾക്ക് ആദ്യത്തെ മൂന്ന് വർഷത്തെ ജിഎസ്ടി പൂർണ്ണമായും തിരികെ നൽകുമെന്നും പുതിയ യൂണിറ്റുകൾക്ക് സബ്സിഡി നൽകുമെന്നും സർക്കാർ പ്രഖ്യാപിച്ചു. ഇത് മൂലധന നിക്ഷേപവും തൊഴിൽ സൃഷ്ടിയും ഉണ്ടാകുമെന്ന് വ്യവസായ താല്പര്യങ്ങൾ പ്രതീക്ഷിക്കുന്നു.,2
"കൊച്ചിയിലെ ആദ്യത്തെ ഐഎസ്ഒ സർട്ടിഫൈഡ് ഹരിത ഹൈഡ്രജൻ ഉൽപാദന യൂണിറ്റിന് 'ഗ്രീൻ എനർജി സൊല്യൂഷൻസ്' കമ്പനിക്ക് കേന്ദ്ര സർക്കാരിൽ നിന്ന് അനുമതി ലഭിച്ചു. 50 മെഗാവാട്ട് ശേഷിയുള്ള ഈ പ്ലാന്റ് വർഷംതോറും 30,000 ടൺ ഹരിത ഹൈഡ്രജൻ ഉത്പാദിപ്പിക്കും. ഇത് രാജ്യത്തെ ശുദ്ധജലയാന ലക്ഷ്യങ്ങൾ നേടുന്നതിൽ പ്രധാന പങ്ക് വഹിക്കുമെന്ന് കമ്പനി ഡയറക്ടർ ശ്രീ. രാജീവ് മേനോൻ പറഞ്ഞു. 500 കോടി രൂപ മുതൽമുടക്കിലുള്ള ഈ പദ്ധതി 300 പേർക്ക് തൊഴിൽ നൽകും.",2
"കൊച്ചിയിലെ ആദ്യത്തെ ഐടി പാർക്ക് 'ഇൻ്ഫോപാർക്കിന്' ഒരു പുതിയ നേട്ടം. ടെക്നോളജി വൻകിട സ്ഥാപനമായ ഡിജിറ്റൽ ഇന്ത്യ കോർപ്പറേഷനുമായി (ഡിഐസി) ഒരു ഗവേഷണ കേന്ദ്രം സ്ഥാപിക്കാനുള്ള കരാർ ഇന്ന് ഒപ്പിട്ടു. ഈ സംരംഭത്തിന് 50 കോടി രൂപയുടെ നിക്ഷേപം പ്രതീക്ഷിക്കുന്നു, അത് 500 ത്തോളം ഉയർന്ന തൊഴിലവസരങ്ങൾ സൃഷ്ടിക്കും.",2
"കൊച്ചിയിലെ ആദ്യത്തെ ഐഎസ്ഒ സർട്ടിഫൈഡ് ഗ്രീൻ ഹൈഡ്രജൻ പ്ലാന്റിന് കേന്ദ്ര സർക്കാർ അനുമതി നൽകി. ടാറ്റാ മോട്ടോഴ്സിന്റെ നിക്ഷേപത്തോടെ നിർമിക്കാനിരിക്കുന്ന ഈ പ്ലാന്റ് വാർഷികമായി 50,000 ടൺ ഹൈഡ്രജൻ ഉത്പാദിപ്പിക്കും. ഈ പദ്ധതി ഏഷ്യയിലെ ഏറ്റവും വലിയ ഹൈഡ്രജൻ ഉത്പാദന കേന്ദ്രമായി മാറുമെന്ന് പ്രതീക്ഷിക്കുന്നു.",2
കൊച്ചിയിലെ ആദ്യത്തെ ഐടി പാർക്കിന് കേന്ദ്ര സർക്കാർ അനുമതി നൽകി. 50 കോടി രൂപ മുതൽമുടക്കിലൂടെ 5000 ത്തോളം തൊഴിലവസരങ്ങൾ സൃഷ്ടിക്കുമെന്ന് പ്രതീക്ഷിക്കുന്നു. സംസ്ഥാനത്തിന്റെ സാങ്കേതിക മേഖലയുടെ വളർച്ചയ്ക്ക് ഇത് ഒരു പ്രധാന ഘട്ടമായി കണക്കാക്കപ്പെടുന്നു.,2
കേരളത്തിലെ ഏറ്റവും വലിയ റീയൽ എസ്റ്റേറ്റ് കമ്പനിയായ ഗ്രീൻവ്യൂ ഡവലപ്പർസ് തങ്ങളുടെ പുതിയ ഓഫീസ് കോംപ്ലക്സ് തിരുവനന്തപുരത്ത് ഉദ്ഘാടനം ചെയ്തു. 50 കോടി രൂപ മുതൽമുടക്കിലുള്ള ഈ പദ്ധതി 300 ത്തോളം തൊഴിലവസരങ്ങൾ സൃഷ്ടിക്കും എന്ന് കമ്പനി ഡയറക്ടർ ശ്രീ. രാജീവ് മേനോൻ അറിയിച്ചു. പ്രാദേശിക സമ്പദ്വ്യവസ്ഥയെ ശക്തിപ്പെടുത്താനുള്ള ഈ നീക്കം വ്യവസായ വിദഗ്ധർ പ്രശംസിക്കുന്നു.,2
കൊച്ചിയിലെ സ്റ്റാർട്ടപ്പ് 'ഗ്രീൻടെക് സൊലൂഷൻസ്' 50 കോടി രൂപ നിക്ഷേപം നേടിയതായി അറിയിക്കുന്നു. ഈ നിക്ഷേപം നൽകിയത് ബെംഗളൂരു ആസ്ഥാനമായുള്ള വെഞ്ചർ കാപിറ്റൽ ഫണ്ടാണ്. ഈ ഫണ്ട് ഉപയോഗിച്ച് കമ്പനി തന്റെ ജൈവകച്ചറി വികസനം വേഗത്തിലാക്കുകയും 50 പുതിയ ജോലി സ്ഥാനങ്ങൾ സൃഷ്ടിക്കുകയും ചെയ്യും എന്ന് എംഡി ശ്രീദേവി പറഞ്ഞു.,2
കൊച്ചിയിലെ ആദ്യത്തെ ഐഎസ്ഒ സർട്ടിഫൈഡ് ഗ്രീൻ ഹൈഡ്രജൻ പ്ലാന്റിന് കേരള സർക്കാർ അനുമതി നൽകി. രണ്ട് ലക്ഷം ചതുരശ്ര അടി പ്രദേശത്ത് നിർമിക്കാനുള്ള ഈ പദ്ധതിക്ക് 950 കോടി രൂപയാണ് നിക്ഷേപം. ഇത് സംസ്ഥാനത്ത് 500 പേർക്ക് തൊഴിൽ അവസരങ്ങൾ സൃഷ്ടിക്കും. പുതിയ പ്ലാന്റ് കേരളത്തിന്റെ ശുദ്ധഊർജ്ജ മേഖലയിൽ ഒരു പ്രധാന മാറ്റമാകും.,2
"കേരളത്തിലെ ഏറ്റവും വലിയ ഷോപ്പിംഗ് മാളായ ലുലു ഗ്രൂപ്പ്, തമിഴ്നാട്ടിലെ കോയമ്പത്തൂരിൽ പുതിയ ശാഖ തുറക്കുമെന്ന് പ്രഖ്യാപിച്ചു. 500 കോടി രൂപയുടെ നിക്ഷേപത്തോടെയുള്ള ഈ പദ്ധതി അടുത്ത വർഷം പൂർത്തിയാകുമെന്ന് കമ്പനി ഊഹിക്കുന്നു. ഇത് പ്രദേശത്ത് 1500-ലധികം തൊഴിലവസരങ്ങൾ സൃഷ്ടിക്കും.",2
"കൊച്ചിയിലെ ആദ്യത്തെ ഐടി പാർക്ക് പദ്ധതിക്ക് കേന്ദ്ര സർക്കാർ അന്തിമ അനുമതി നൽകി. 500 കോടി രൂപ മുതൽമുടക്കിലുള്ള ഈ പദ്ധതി 5000 ത്തിലധികം തൊഴിലവസരങ്ങൾ സൃഷ്ടിക്കും. സോഫ്റ്റ്വെയർ, ബയോടെക് എന്നീ മേഖലകളിലെ സ്റ്റാർട്ടപ്പുകൾക്കായി ഇത് നിർമിക്കപ്പെടും.",2
കൊച്ചിയിലെ ആദ്യത്തെ ഐഎസ്ഒ സർട്ടിഫൈഡ് ഗ്രീൻ ഹൈഡ്രജൻ പ്ലാന്റിന് കേരള സർക്കാർ അനുമതി നൽകി. രണ്ട് ലക്ഷം കോടി രൂപ മുതൽമുടക്കിലുള്ള ഈ പദ്ധതി സംസ്ഥാനത്തേക്ക് വലിയ നിക്ഷേപം ആകർഷിക്കുമെന്ന് പ്രതീക്ഷിക്കുന്നു. ഇത് അഞ്ഞൂറിലധികം പേർക്ക് തൊഴിൽ അവസരങ്ങൾ സൃഷ്ടിക്കും എന്നും ഊർജ്ജ മന്ത്രി അറിയിച്ചു.,2
കൊച്ചിയിലെ ആദ്യത്തെ ഐഎസ്ഒ സർട്ടിഫൈഡ് ഗ്രീൻ ഹൈഡ്രജൻ പ്ലാന്റിന്റെ തറക്കല്ല് നാളെ വെക്കും. ടാറ്റാ മോട്ടോഴ്സിനും ബി.ജി.ആർ ഗ്രൂപ്പിനുമായി ചേർന്നാണ് 350 കോടി രൂപ മുതൽമുടക്കിലുള്ള ഈ പദ്ധതി നടപ്പാക്കുന്നത്. ഇത് രാജ്യത്തെ ശുദ്ധ ഊർജ്ജ മേഖലയിൽ ഒരു പുതിയ തലമുറ തുറക്കുമെന്ന് വ്യവസായ മന്ത്രി പി. രാജീവ് പറഞ്ഞു.,2
കേരളത്തിലെ ഏറ്റവും വലിയ വിപണന കേന്ദ്രമായ 'ഗ്രാൻഡ് ബസാർ' അടുത്ത മാസം ഒരു പുതിയ ബ്രാഞ്ച് തുറക്കുമെന്ന് പ്രഖ്യാപിച്ചു. ഈ പുതിയ ശാഖ കോഴിക്കോട് ജില്ലയിലായിരിക്കും സ്ഥിതി ചെയ്യുക. ഇത് മൂലം 200-ലധികം പേർക്ക് തൊഴിൽ അവസരങ്ങൾ ലഭിക്കുമെന്ന് കമ്പനി മാനേജിംഗ് ഡയറക്ടർ അറിയിച്ചു. ഈ വിപണന കേന്ദ്രത്തിന് 50 കോടി രൂപയാണ് നിക്ഷേപിക്കുന്നത്.,2
കേരളത്തിലെ ഏറ്റവും വലിയ ഷോപ്പിംഗ് മാളായ 'ഗ്രാൻഡ് മാള' തുടക്കത്തിന് ഒരാഴ്ചയ്ക്കുള്ളിൽ തുറക്കും. ഇത് 150-ലധികം ബ്രാൻഡഡ് കടകളും ഒരു മൾട്ടിപ്ലെക്സും ഉൾക്കൊള്ളുന്നു. ഈ പദ്ധതി 500-ലധികം പേർക്ക് തൊഴിൽ അവസരങ്ങൾ സൃഷ്ടിക്കുമെന്ന് മാനേജിംഗ് ഡയറക്ടർ അനിൽ കുമാർ പറഞ്ഞു. പ്രാദേശിക വ്യവസായത്തിന് ശക്തമായ തളം നൽകുമെന്നാണ് പ്രതീക്ഷ.,2
"കൊച്ചിയിലെ ആദ്യത്തെ ഐടി പാർക്ക് 'ഇൻഫോപാർക്ക്' അടുത്ത മൂന്ന് വർഷത്തിനുള്ളിൽ 5,000 ത്തോളം തൊഴിലവസരങ്ങൾ സൃഷ്ടിക്കുമെന്ന് കമ്പനി ഉയർന്നുവന്നതായി അറിയിക്കുന്നു. ഇതിനായി 200 കോടി രൂപ നിക്ഷേപിക്കാൻ കമ്പനി തീരുമാനിച്ചു. ഈ പദ്ധതി കേരളത്തിന്റെ സാങ്കേതിക മേഖലയിലെ വളർച്ചയ്ക്ക് ശക്തമായ ആക്കം കൊടുക്കുമെന്ന് വ്യവസായ മന്ത്രി പി. രാജീവ് പറഞ്ഞു.",2
കൊച്ചിയിലെ ആദ്യത്തെ ഐഎസ്ഒ സർട്ടിഫൈഡ് ഹരിത ഹൈഡ്രജൻ പ്ലാന്റിന് ഇന്ത്യൻ ഓയിൽ കോർപ്പറേഷന് (ഐഓസി) സർക്കാരിൽ നിന്ന് അനുമതി ലഭിച്ചു. 30 മെഗാവാട്ട് ശേഷിയുള്ള ഈ പദ്ധതി വാർഷികമായി 3.6 ലക്ഷം ടൺ കാർബൺ ഉദ്‌വമനം കുറയ്ക്കുമെന്ന് കണക്കാക്കപ്പെടുന്നു. ഇത് രാജ്യത്തിന്റെ ശുദ്ധജീവാവശിഷ്ട ലക്ഷ്യങ്ങൾ നേടുന്നതിനുള്ള ഒരു പ്രധാന ഘട്ടമാണ്.,2
കൊച്ചിയിലെ ആദ്യത്തെ ഐഎസ്ഒ സർട്ടിഫൈഡ് ഗ്രീൻ ഹൈഡ്രജൻ പ്ലാന്റിന് കേന്ദ്ര സർക്കാർ അനുമതി നൽകി. ടാറ്റാ മോട്ടോഴ്സിനും എയർ ഇന്ത്യക്കുമൊപ്പം 500 കോടി രൂപ മുതൽമുടക്കിലാണ് ഈ പദ്ധതി. ഇത് പ്രാദേശിക തോതിൽ 200-ലധികം തൊഴിൽവസരങ്ങൾ സൃഷ്ടിക്കുമെന്ന് പ്രതീക്ഷിക്കുന്നു.,2
കൊച്ചിയിലെ സ്റ്റാർട്ടപ്പ് 'ഗ്രീൻ ടെക് സൊല്യൂഷൻസ്' 50 കോടി രൂപ നിക്ഷേപം നേടിയതായി പ്രഖ്യാപിച്ചു. ഈ നിക്ഷേപം നേടിയത് വെഞ്ചർ കാപിറ്റൽ ഫണ്ടായ 'എഷ്യൻ ഗ്രോത്ത് ഫണ്ട്' ആണ്. കമ്പനിയുടെ പുതിയ ബയോ ടെക് ഉൽപന്നങ്ങളുടെ ഉൽപാദനം വർദ്ധിപ്പിക്കാനാണ് ഈ തുക ഉപയോഗിക്കുന്നത്. ഈ വർഷം അവസാനം നാല് പുതിയ ജോലി സ്ഥലങ്ങൾ സൃഷ്ടിക്കുമെന്നും കമ്പനി പറഞ്ഞു.,2
കേരളത്തിലെ പ്രധാന വ്യവസായ മേഖലകളിലൊന്നായ കറുപ്പ് വ്യവസായം വിപണിയിൽ ശക്തമായ വളർച്ച രേഖപ്പെടുത്തുന്നു. വിദേശ ആവശ്യം വർദ്ധിച്ചതിനാൽ കറുപ്പിന്റെ വില ഇതുവരെയുള്ള ഉയർന്ന നിലയിലെത്തിയിരിക്കുന്നു. ഇത് കർഷകർക്കും കമ്പനികൾക്കും ഗണ്യമായ വരുമാനം ഉറപ്പാക്കുകയും സംസ്ഥാന സാമ്പത്തിക വളർച്ചയ്ക്ക് നല്ല സൂചനയാകുകയും ചെയ്യുന്നു.,2
കേരളത്തിലെ ഏറ്റവും വലിയ റീയൽ എസ്റ്റേറ്റ് കമ്പനിയായ ഗ്രീൻ വ്യൂ ഡവലപ്പർസ് തുടക്കം വെച്ച് ഇന്ത്യയിലെ ആദ്യത്തെ പൂർണ്ണമായും സൗരോർജ്ജത്തിൽ പ്രവർത്തിക്കുന്ന ഓഫീസ് കോംപ്ലക്സ് പൂർത്തിയാക്കി. കോച്ചിയിൽ നിർമ്മിച്ച ഈ പദ്ധതിക്ക് 250 കോടി രൂപയുടെ നിക്ഷേപം ലഭിച്ചു. ഈ പുതിയ കേന്ദ്രം 2000 ത്തിലധികം തൊഴിലവസരങ്ങൾ സൃഷ്ടിക്കുമെന്ന് കമ്പനി പ്രതീക്ഷിക്കുന്നു.,2
കൊച്ചിയിലെ സ്റ്റാർട്ടപ്പ് 'ഗ്രീൻടെക് സൊലൂഷൻസ്' വികസിപ്പിച്ചെടുത്ത പുതിയ സോളാർ പാനൽ സാങ്കേതികവിദ്യയ്ക്ക് രണ്ട് കോടി രൂപ മൂലധനം ലഭിച്ചു. ബെംഗളൂരുവിലെ ഒരു വെഞ്ചർ കാപിറ്റൽ ഫണ്ടാണ് ഈ നിക്ഷേപം നൽകിയത്. ഈ ധനസഹായത്തോടെ കമ്പനി തന്റെ ഉൽപ്പന്നങ്ങളുടെ ഉൽപാദനം വർദ്ധിപ്പിക്കുകയും തെക്കിന്ത്യൻ മാർക്കറ്റിൽ വ്യാപകമായി വിപണനം നടത്തുകയും ചെയ്യും എന്ന് പ്രതീക്ഷിക്കുന്നു.,2
കേരളത്തിലെ ഏറ്റവും വലിയ വിപണന ശൃംഖലയായ 'ശ്രീ റീട്ടെയിൽ' അടുത്ത മൂന്ന് വർഷത്തിനുള്ളിൽ 50 പുതിയ കടകൾ തുറക്കാൻ തീരുമാനിച്ചു. ഈ വിപുലീകരണത്തിന് 200 കോടി രൂപയുടെ നിക്ഷേപം വേണമെന്ന് കമ്പനി പ്രഖ്യാപിച്ചു. ഈ പദ്ധതി 1500 ത്തോളം പുതിയ തൊഴിൽ അവസരങ്ങൾ സൃഷ്ടിക്കുമെന്ന് പ്രതീക്ഷിക്കുന്നു.,2
കേരളത്തിലെ ഏറ്റവും വലിയ ഷോപ്പിംഗ് മാളായ 'ഗ്രാൻഡ് ബസാർ' തുടക്കം കുറിച്ചു. തിരുവനന്തപുരം ജില്ലയിലെ കാടുകറ്റയിൽ 10 കോടി രൂപ മുതൽമുടക്കിൽ നിർമ്മിച്ച ഈ മാള 50-ലധികം ബ്രാൻഡുകളുടെ ഔട്ട്ലെറ്റുകൾ ഉൾക്കൊള്ളുന്നു. ഇത് 300-ലധികം തൊഴിൽ അവസരങ്ങൾ സൃഷ്ടിക്കുമെന്ന് ഡവലപ്പർമാർ പ്രതീക്ഷിക്കുന്നു.,2
കൊച്ചിയിലെ ആദ്യത്തെ ഐക്യദാർഢ്യ ബാങ്ക് ശാഖ തിരുവനന്തപുരത്ത് തുറന്നു. ബാങ്കിന്റെ ചെയർമാൻ ശ്രീ. രാജീവ് ചന്ദ്രശേഖർ ആണ് ഉദ്ഘാടനം നിർവഹിച്ചത്. ഈ പുതിയ ശാഖ വ്യവസായികൾക്കും സാധാരണ ജനങ്ങൾക്കും വിവിധ തരത്തിലായ ഫിനാൻഷ്യൽ സേവനങ്ങൾ നൽകും. ഈ വർഷത്തിനുള്ളിൽ മറ്റു പത്ത് ശാഖകൾ തുറക്കാനുള്ള പദ്ധതിയും ബാങ്ക് അറിയിച്ചു.,2
"കേരളത്തിലെ ഏറ്റവും വലിയ ഷോപ്പിംഗ് മാളായ ലൂലു ഗ്രൂപ്പ്, തിരുവനന്തപുരത്ത് പുതിയ ആസ്ഥാന കേന്ദ്രം ആരംഭിക്കുന്നതായി പ്രഖ്യാപിച്ചു. 500 കോടി രൂപ മുതൽമുടക്കിലുള്ള ഈ പദ്ധതി 2026-ൽ പൂർത്തിയാകുമെന്ന് കമ്പനി പറഞ്ഞു. ഇത് 2000-ത്തോളം പുതിയ തൊഴിൽ അവസരങ്ങൾ സൃഷ്ടിക്കും എന്ന് പ്രതീക്ഷിക്കപ്പെടുന്നു.",2
കൊച്ചിയിലെ ആദ്യത്തെ ഐടി പാർക്കിന് സർക്കാർ അനുമതി നൽകി. 50 കോടി രൂപ മുതൽമുടക്കിലാണ് ഈ പദ്ധതി. ഇത് 5000 ത്തിലധികം തൊഴിലവസരങ്ങൾ സൃഷ്ടിക്കും എന്ന് പ്രതീക്ഷിക്കുന്നു. സോഫ്റ്റ്വെയർ കമ്പനികൾക്കായി ആധുനിക സൗകര്യങ്ങളുമായി ഈ പാർക്ക് നിർമ്മിക്കും.,2
"കൊച്ചിയിലെ ആദ്യത്തെ ഐഎസ്ഒ സർട്ടിഫൈഡ് ഹരിത ഹൈഡ്രജൻ ഉൽപാദന യൂണിറ്റിന് ഇന്ത്യൻ ഓയിൽ കോർപ്പറേഷന് (ഐഓസി) അനുമതി ലഭിച്ചു. ഈ പദ്ധതി വാർഷികമായി 5,000 ടൺ ഹരിത ഹൈഡ്രജൻ ഉത്പാദിപ്പിക്കുകയും കാർബൺ ഉദ്വമനം ഗണ്യമായി കുറയ്ക്കുകയും ചെയ്യും. ഇത് ഊർജ്ജ മേഖലയിലെ ഇന്ത്യയുടെ സുസ്ഥിരതാ ലക്ഷ്യങ്ങളിലേക്കുള്ള ഒരു പ്രധാന പടിയാണെന്ന് കമ്പനി പറഞ്ഞു.",2
"കേരളത്തിലെ ഏറ്റവും വലിയ ഷോപ്പിംഗ് മാളായ ലുലു ഗ്രൂപ്പ്, തമിഴ്നാട്ടിലെ കോയമ്പത്തൂരിൽ പുതിയ മാള നിർമ്മിക്കാൻ തീരുമാനിച്ചു. 500 കോടി രൂപയുടെ ഈ പ്രോജക്റ്റ് അടുത്ത മൂന്ന് വർഷത്തിനുള്ളിൽ പൂർത്തിയാക്കാനാണ് ലക്ഷ്യം. ഇത് ഏകദേശം 2000 പേർക്ക് തൊഴിൽ അവസരങ്ങൾ സൃഷ്ടിക്കും എന്ന് കമ്പനി പ്രഖ്യാപിച്ചു.",2
കേരളത്തിലെ ഏറ്റവും വലിയ ഷോപ്പിംഗ് മാളായ 'ഗ്രാൻഡ് മാള' തുടക്കം കുറിച്ചു. തിരുവനന്തപുരത്ത് സ്ഥാപിക്കുന്ന ഈ പദ്ധതിക്ക് 250 കോടി രൂപയാണ് നിക്ഷേപിക്കുന്നത്. ഇത് 500-ലധികം തൊഴിലവസരങ്ങൾ സൃഷ്ടിക്കുമെന്ന് പദ്ധതി ഉടമകൾ പറഞ്ഞു. രണ്ട് വർഷത്തിനുള്ളിൽ പദ്ധതി പൂർത്തിയാകുമെന്ന് പ്രതീക്ഷിക്കുന്നു.,2
കേരളത്തിലെ ഏറ്റവും വലിയ ഷോപ്പിംഗ് മാളായ ഗ്രാൻഡ് മാളയുടെ പുതിയ ബ്രാഞ്ച് തിരുവനന്തപുരത്ത് തുറന്നു. ഇത് 50 കോടി രൂപ മുതൽമുടക്കിലാണ് നിർമ്മിച്ചിരിക്കുന്നത്. ഈ പദ്ധതി 500 ത്തിലധികം പേർക്ക് തൊഴിൽ അവസരം ഒരുക്കും എന്ന് മാനേജിംഗ് ഡയറക്ടർ അറിയിച്ചു. പുതിയ കേന്ദ്രം നഗരത്തിന്റെ ചില്ലറ വ്യാപാര രംഗത്ത് ഗുണപരമായ മാറ്റം കൊണ്ടുവരുമെന്ന് പ്രതീക്ഷിക്കുന്നു.,2
"കൊച്ചിയിലെ ആദ്യത്തെ ഐടി പാർക്ക് 'ഇൻ്ഫോപാർക്ക്' അടുത്ത മൂന്ന് വർഷത്തിനുള്ളിൽ 5,000 തൊഴിലവസരങ്ങൾ സൃഷ്ടിക്കുമെന്ന് പ്രതീക്ഷിക്കുന്നു. ഇതിനായി 200 കോടി രൂപ നിക്ഷേപിക്കാൻ സർക്കാർ തീരുമാനിച്ചു. ഈ പദ്ധതി സംസ്ഥാനത്തെ സ്റ്റാർട്ടപ്പ് പരിസ്ഥിതിയെ ശക്തിപ്പെടുത്തുമെന്ന് വ്യവസായ മന്ത്രി പി. രാജീവ് പറഞ്ഞു.",2
കൊച്ചിയിലെ സ്റ്റാർട്ടപ്പ് 'ഗ്രീൻ ടെക് സൊലൂഷൻസ്' 50 കോടി രൂപ നിക്ഷേപം നേടി. ഈ ഫണ്ടിംഗ് നേതൃത്വം വഹിച്ചത് മുംബൈ സ്ഥിതി ചെയ്യുന്ന വെഞ്ചർ കാപിറ്റൽ ഫണ്ടാണ്. ഈ നിക്ഷേപം കമ്പനിയുടെ സോളാർ പവർ ടെക്നോളജി വികസനത്തിനും തെക്കിന്ത്യൻ വിപണിയിൽ വ്യാപിപ്പിക്കാനുമുള്ള പദ്ധതികളെ ശക്തിപ്പെടുത്തും. കമ്പനി തുടക്കത്തിൽ നിന്നുള്ള ശക്തമായ വളർച്ചയാണ് നിക്ഷേപകരെ ആകർഷിച്ചത്.,2
കൊച്ചിയിലെ ആദ്യത്തെ ഐഎസ്ഒ സർട്ടിഫൈഡ് ഹരിത ഹൈഡ്രജൻ പ്ലാന്റിന് കേന്ദ്ര സർക്കാർ അനുമതി നൽകി. 500 കോടി രൂപ മുതൽമുടക്കിലുള്ള ഈ പദ്ധതി രാജ്യത്തിന്റെ ശുദ്ധഊർജ്ജ ലക്ഷ്യങ്ങൾക്ക് വളരെയധികം സഹായകരമാകും. ഇത് സ്ഥലത്തെ 200-ലധികം ജോലിസ്ഥലങ്ങൾ സൃഷ്ടിക്കുകയും ഊർജ്ജ മേഖലയിൽ പുതിയ നിക്ഷേപങ്ങളെ പ്രോത്സാഹിപ്പിക്കുകയും ചെയ്യും.,2
"കൊച്ചി: ഇന്ത്യയിലെ ഏറ്റവും വലിയ IT കമ്പനിയായ ഇൻഫോസിസ് തങ്ങളുടെ പുതിയ ഗ്ലോബൽ ഡെലിവറി സെന്റർ കൊച്ചിയിൽ തുറന്നു. 500 കോടി രൂപ നിക്ഷേപിച്ച ഈ പദ്ധതി 2000 ത്തിലധികം തൊഴിലവസരങ്ങൾ സൃഷ്ടിക്കും. കമ്പനിയുടെ സിഇഒ മുകേഷ് അംബാനി പറഞ്ഞു, 'കേരളത്തിന്റെ തൊഴിൽ ശേഷിയിൽ ഞങ്ങൾക്കുള്ള വിശ്വാസമാണ് ഈ നിക്ഷേപത്തിന് പിന്നിൽ.'",2
കേരളത്തിലെ ഏറ്റവും വലിയ ഷോപ്പിംഗ് മാളായ ഗ്രാന്റ് മാളിൽ ഒരു പുതിയ ബ്രാന്റഡ് ഔട്ട്ലെറ്റ് തുടങ്ങി. ഈ നിക്ഷേപം പ്രാദേശിക ചില്ലറ വ്യാപാരത്തിൽ ഗണനീയമായ വളർച്ചയുണ്ടാക്കുമെന്ന് കമ്പനി പ്രതീക്ഷിക്കുന്നു. പുതിയ ഔട്ട്ലെറ്റ് അഞ്ചുപത്തി ആളുകൾക്ക് തൊഴിൽ അവസരങ്ങൾ സൃഷ്ടിക്കും.,2
കേരളത്തിലെ ഏറ്റവും വലിയ ഷോപ്പിംഗ് മാളായ 'ഗ്രാൻഡ് മാള്' തിരുവനന്തപുരത്ത് അടുത്ത മാസം തുറക്കും. 15 കോടി രൂപ മുതല് മുടക്കിയ ഈ പദ്ധതി നഗരത്തിലെ ചില്ലറ വ്യാപാര മേഖലയ്ക്ക് ഒരു പുതിയ ചുവടുറപ്പിക്കും. 200-ലധികം ബ്രാന്റഡ് കടകളുള്ള ഈ മാള് 500-ലധികം തൊഴിലവസരങ്ങള് സൃഷ്ടിക്കുമെന്ന് മാനേജിംഗ് ഡയറക്ടര് അറിയിച്ചു.,2
കേരളത്തിലെ സ്റ്റാർട്ടപ്പുകൾക്ക് ഒരു വലിയ തിരിവായി ബാംഗ്ലൂരു ആസ്ഥാനമായി പ്രവർത്തിക്കുന്ന വെഞ്ച്ചർ കാപിറ്റൽ ഫണ്ട് 'സൺറൈസ് വെഞ്ചേഴ്സ്' 100 കോടി രൂപ മൂലധനം നിക്ഷേപിക്കാൻ തീരുമാനിച്ചു. ടെക് സ്റ്റാർട്ടപ്പുകളിലാണ് ഈ നിക്ഷേപം കേന്ദ്രീകരിക്കുന്നത്. ഈ തീരുമാനം സംസ്ഥാനത്തെ നവോത്ഥാന പരിസ്ഥിതിക്ക് ശക്തി പകരുമെന്ന് വ്യവസായ വിദഗ്ധർ പ്രതീക്ഷിക്കുന്നു.,2
കേരളത്തിലെ ഏറ്റവും വലിയ ഷോപ്പിംഗ് മാളായ 'ഗ്രാൻഡ് മാള്' തിരുവനന്തപുരത്ത് അടുത്ത മാസം തുറക്കും. 150 കോടി രൂപ മുതല് മുടക്കിയ ഈ പദ്ധതി 200-ലധികം ബ്രാന്റഡ് കടകളും ഒരു മൾട്ടിപ്ലെക്സും ഉള്ക്കൊള്ളുന്നു. ഇത് 500-ലധികം പേര്ക്ക് തൊഴിലവസരം നല്കുമെന്ന് മാനേജിംഗ് ഡയറക്ടര് ഡോ. രാജീവ് മേനോന് പറഞ്ഞു.,2
കേരളത്തിലെ ഏറ്റവും വലിയ റീടെയിൽ ശൃംഖലയായ 'സപ്ലൈക്കോ' അടുത്ത അഞ്ച് വർഷത്തിനുള്ളിൽ 50 പുതിയ കടകൾ തുറക്കാൻ തീരുമാനിച്ചു. ഈ വിപുലീകരണത്തിന് 200 കോടി രൂപയുടെ നിക്ഷേപം ആവശ്യമുണ്ടെന്ന് കമ്പനി ഡയറക്ടർ അനിൽ കുമാർ പറഞ്ഞു. ഇത് 1000-ലധികം പേർക്ക് തൊഴിൽ അവസരങ്ങൾ സൃഷ്ടിക്കും. പ്രധാനമായും തെക്കൻ ജില്ലകളിലാണ് പുതിയ യൂണിറ്റുകൾ സ്ഥാപിക്കുന്നത്.,2
കൊച്ചിയിലെ ആദ്യത്തെ ഐഎസ്ഒ സർട്ടിഫൈഡ് ഹരിത ഹൈഡ്രജൻ പ്ലാന്റിന് കേരള സർക്കാർ അനുമതി നൽകി. രണ്ട് കോടി രൂപ മുതൽമുടക്കിലുള്ള ഈ പദ്ധതി ഊർജ്ജ മേഖലയിൽ ഒരു പുതിയ തിരിവാണ്. ഇത് സംസ്ഥാനത്തെ ശുദ്ധഊർജ്ജ നിക്ഷേപത്തെ ഗണ്യമായി ഉയർത്തുമെന്ന് പ്രതീക്ഷിക്കുന്നു.,2
"കൊച്ചിയിലെ ആദ്യത്തെ ഐടി പാർക്ക് 'ഇൻഫോപാർക്ക്' അടുത്ത മാസം തുറക്കും. ഇത് 500 കോടി രൂപ മുതൽമുടക്കിലാണ് നിർമ്മിച്ചിരിക്കുന്നത്. ഇത് 5,000 ത്തോളം തൊഴിലവസരങ്മാൾ സൃഷ്ടിക്കുമെന്ന് കമ്പനി ഡയറക്ടർ അനിൽ കുമാർ പറഞ്ഞു. ഇത് കേരളത്തിന്റെ സാങ്കേതിക ഉദ്യമ മേഖലയ്ക്ക് ഒരു പുതിയ ചാലിത്ഥം നൽകുമെന്ന് പ്രതീക്ഷിക്കുന്നു.",2
കൊച്ചിയിലെ സ്റ്റാർട്ടപ്പ് കമ്പനിയായ ഇന്നോവേറ്റ് ടെക് സൊല്യൂഷൻസ് ഒരു പുതിയ ഫിന്റെക് പ്ലാറ്റ്ഫോം അവതരിപ്പിച്ചു. ഈ പ്ലാറ്റ്ഫോം ചെറുകിട ബിസിനസുകൾക്ക് ലാഭകരമായി പ്രവർത്തിക്കാൻ സഹായിക്കും. കമ്പനി അടുത്ത അഞ്ച് വർഷത്തിനുള്ളിൽ 50 ദശലക്ഷം രൂപ വരുമാനം ലക്ഷ്യമിടുന്നു.,2
കേരളത്തിലെ ഏറ്റവും വലിയ IT പാർക്കായ 'ഫ്യൂച്ചർ ടെക് വാലി'യുടെ രണ്ടാം ഘട്ട നിർമാണം ആരംഭിച്ചു. 200 കോടി രൂപ മുതൽമുടക്കിലുള്ള ഈ പദ്ധതി 5000 ത്തോളം തൊഴിൽ അവസരങ്ങൾ സൃഷ്ടിക്കും. IT മന്ത്രി പ്രണവ് കുമാർ ജയറാം ഇന്നാണ് പദ്ധതിക്ക് അടിത്തറയിട്ടത്.,2
കൊച്ചിയിലെ ആദ്യത്തെ ഐക്യദാർഢ്യ ബിസിനസ് കേന്ദ്രം അടുത്ത മാസം തുറക്കും. 50 കോടി രൂപ മുതൽമുടക്കിലുള്ള ഈ പദ്ധതി നഗരത്തിലെ ബിസിനസ് രംഗത്തിന് പുതിയ ചൈതന്യം നൽകും. ഇത് 500-ലധികം തൊഴിലവസരങ്ങൾ സൃഷ്ടിക്കുമെന്ന് പദ്ധതി ഉടമകൾ പറയുന്നു.,2
കൊച്ചിയിലെ ആദ്യത്തെ സ്വകാര്യ ബ്ലോക്ക് ചെയിൻ സൂപ്പർമാർക്കറ്റായ 'ഗ്രീൻ മാർട്ട്' അടുത്ത മാസം തുറക്കും. കൊച്ചി മ്യൂണിസിപ്പൽ കോർപ്പറേഷന്റെ പുതിയ നയപ്രകാരം അനുമതി ലഭിച്ചു. ഈ പദ്ധതിയിൽ 50 കോടി രൂപ നിക്ഷേപിക്കുകയും 200 തൊഴിലവസരങ്ങൾ സൃഷ്ടിക്കുകയും ചെയ്യുമെന്ന് കമ്പനി ഡയറക്ടർ അനിൽ കുമാർ പറഞ്ഞു.,2
കൊച്ചിയിലെ ആദ്യത്തെ ഐഎസ്ഒ സർട്ടിഫൈഡ് ഹരിത ഹൈഡ്രജൻ പ്ലാന്റിന് കേരള സർക്കാർ അനുമതി നൽകി. രാജ്യത്തെ ഊർജ മാപുനാമായി മാറാനുള്ള ഗതി മാറ്റം വരുത്തുന്ന ഈ പദ്ധതിക്ക് 250 കോടി രൂപ മുതൽമുടക്ക് കണക്കാക്കുന്നു. ഇത് 50 നേരിട്ടുള്ള തൊഴിൽ അവസരങ്ങൾ സൃഷ്ടിക്കുമെന്ന് പ്രതീക്ഷിക്കുന്നു.,2
കേരളത്തിലെ ചെറുകിട വ്യവസായ ശ്രേണിക്ക് പിന്തുണയായി സംസ്ഥാന സർക്കാർ പുതിയ നിക്ഷേപ നയം പ്രഖ്യാപിച്ചു. ഈ നയപ്രകാരം ഒരു കോടി രൂപ വരെ നിക്ഷേപിക്കുന്ന ആദ്യ 5000 സ്റ്റാർട്ടപ്പുകൾക്ക് നികുതി ഇളവ് ലഭിക്കും. ഇത് തൊഴിൽ സൃഷ്ടിക്കുകയും സാമ്പത്തിക വളർച്ച ത്വരിതപ്പെടുത്തുകയും ചെയ്യുമെന്ന് മുഖ്യമന്ത്രി പിണറായി വിജയൻ പറഞ്ഞു.,2
കേരളത്തിലെ ഏറ്റവും വലിയ സോളാർ പവർ പ്ലാന്റ് സ്ഥാപിക്കാനുള്ള പദ്ധതി പ്രഖ്യാപിച്ചു. 100 മെഗാവാട്ട് ശേഷിയുള്ള ഈ പദ്ധതി 500 കോടി രൂപയാണ് നിക്ഷേപിക്കുന്നത്. ഇത് സംസ്ഥാനത്തിന് ഊർജസ്വലമായ ഭാവി സൃഷ്ടിക്കുമെന്ന് മുഖ്യമന്ത്രി പറഞ്ഞു. പ്രാദേശിക തൊഴിലവസരങ്ങൾ വർദ്ധിപ്പിക്കുകയും ചെയ്യും.,2
കൊച്ചിയിലെ ആദ്യത്തെ ഐഎസ്ഒ സർട്ടിഫൈഡ് ഹരിത ഹൈഡ്രജൻ പ്ലാന്റിന് കേന്ദ്ര സർക്കാർ അന്തിമ അനുമതി നൽകി. ടാറ്റാ മോട്ടോഴ്സിനും ഇന്ത്യൻ ഓയിൽ കോർപ്പറേഷനും (ഐഓസി) ചേർന്ന് 400 കോടി രൂപ മുതൽമുടക്കിൽ നിർമിക്കുന്ന ഈ പ്ലാന്റ് വാർഷികമായി 5 ടൺ ഹരിത ഹൈഡ്രജൻ ഉത്പാദിപ്പിക്കും. ഈ യോജിപ്പ് ഇന്ത്യയുടെ കാർബൺ നിരപേക്ഷത ലക്ഷ്യങ്ങൾക്ക് ശക്തിയേകുമെന്ന് പ്രതീക്ഷിക്കുന്നു.,2
"കേരളത്തിലെ ഏറ്റവും വലിയ ഷോപ്പിംഗ് മാളായ ഗ്രാന്റ് മാളിൽ ഒരു പുതിയ ഫുഡ് കോർട്ട് തുറന്നു. ഇത് രാജ്യത്തെ പ്രമുഖ ഫുഡ് ചെയിനുകളായ ഫുഡീസ്, ടേസ്റ്റി ബൈറ്റ്സ് എന്നിവയുടെ ഔട്ട്ലെറ്റുകൾ ഉൾപ്പെടുത്തുന്നു. ഈ വികസനം മാളയിലെ ഉപഭോക്തൈ ആകർഷണം വർദ്ധിപ്പിക്കുകയും ഏകദേശം അമ്പത് പുതിയ തൊഴിൽ അവസരങ്ങൾ സൃഷ്ടിക്കുകയും ചെയ്യുമെന്ന് കമ്പനി ഉദ്യോഗസ്ഥർ പ്രതീക്ഷിക്കുന്നു.",2
കൊച്ചിയിലെ സ്റ്റാർട്ടപ്പ് 'ഗ്രീൻ സൊളൂഷൻസ്' രണ്ട് കോടി ഡോളർ നിക്ഷേപം നേടി. ഈ സീരീസ് എ ഫണ്ടിംഗ് നയ്ക്ക് മുൻനിര വിക്രമ് ക്യാപിറ്റലാണ് നേതൃത്വം നൽകിയത്. കമ്പനി ഈ ഫണ്ട് കൃഷി-ടെക് സാങ്കേതികവിദ്യ വികസിപ്പിക്കാനും ഏഷ്യൻ വിപണികളിലേക്ക് വ്യാപാരം വികസിപ്പിക്കാനും ഉപയോഗിക്കും എന്ന് പ്രഖ്യാപിച്ചു.,2
"കേരളത്തിലെ ഏറ്റവും വലിയ ഷോപ്പിംഗ് മാളായ 'ഗ്രാൻഡ് ബസാർ' അടുത്ത മാസം തുറക്കും. കോഴിക്കോട് ജില്ലയിലെ ഈ പുതിയ ശോപ്പിംഗ് കോംപ്ലക്സ് 200-ലധികം ബ്രാൻഡുകളെ ഉൾക്കൊള്ളും, 500-ലധികം പേർക്ക് തൊഴിൽ അവസരം നൽകുമെന്ന് മാനേജിംഗ് ഡയറക്ടർ അനു പി. മേനോൻ അറിയിച്ചു. ഇത് സ്ഥാനീയ വ്യാപാരത്തിന് ശക്തമായ ഊന്നൽ നൽകുമെന്ന് പ്രതീക്ഷിക്കുന്നു.",2
കൊച്ചിയിലെ സ്റ്റാർട്ടപ്പ് 'ഗ്രീൻ ടെക് സൊലൂഷൻസ്' 50 കോടി രൂപ നിക്ഷേപം നേടി. ഈ നിക്ഷേപം നയിക്കുന്നത് ബെംഗളൂരുകേന്ദ്രീകരിച്ച ഒരു വെഞ്ചർ കാപിറ്റൽ ഫണ്ടാണ്. ഈ ഫണ്ട് ഉപയോഗിച്ച് കമ്പനി തന്റെ സോളാർ പവർ ടെക്നോളജി വികസനം വേഗത്തിലാക്കുകയും തെക്കിന്ത്യൻ മാർക്കറ്റിൽ വ്യാപിപ്പിക്കുകയും ചെയ്യും എന്ന് പ്രതീക്ഷിക്കുന്നു.,2
കേരളത്തിലെ സ്റ്റാർട്ടപ്പുകൾക്ക് വലിയ തിരിച്ചടിയാണ് സംസ്ഥാന ബജറ്റിൽ പ്രഖ്യാപിച്ചത്. സ്റ്റാർട്ടപ്പുകൾക്കായി 100 കോടി രൂപ വിനിയോഗിക്കുമെന്നും ആദ്യ വർഷം തന്നെ 500 യുവാക്കൾക്ക് പരിശീലനം നൽകുമെന്നും ധനമന്ത്രി പ്രഖ്യാപിച്ചു. ഇത് സംസ്ഥാനത്തെ നവീന സംരംഭങ്ങൾക്ക് ഒരു പുതിയ ചാലിന്റെ തുറക്കും എന്നാണ് പ്രതീക്ഷിക്കുന്നത്.,2
"കൊച്ചിയിലെ ആദ്യത്തെ ഐടി പാർക്ക് 'ഇൻഫോപാർക്ക്' അടുത്ത മൂന്ന് വർഷത്തിനുള്ളിൽ 5,000 പുതിയ തൊഴിലവസരങ്ങൾ സൃഷ്ടിക്കുമെന്ന് കമ്പനി ഉയർന്ന നിരയിൽ പ്രഖ്യാപിച്ചു. ഇതിനായി 200 കോടി രൂപ നിക്ഷേപിക്കാൻ കമ്പനി തീരുമാനിച്ചിരിക്കുന്നു. ഈ പദ്ധതി സംസ്ഥാനത്തിന്റെ സാങ്കേതിക മേഖലയിലെ വളർച്ചയ്ക്ക് ശക്തമായ രീതിയിൽ സംഭാവന ചെയ്യുമെന്ന് ഭരണസമിതി അധ്യക്ഷൻ പറഞ്ഞു.",2
"കോച്ചി: ഇന്ത്യയിലെ ഏറ്റവും വലിയ സ്വകാര്യ ബാങ്കായ ഐസിഐസിഐ ബാങ്ക് ഇത്തവണത്തെ ത്രൈമാസ ലാഭം 36 ശതമാനം വർദ്ധിപ്പിച്ചു. ബാങ്ക് 3,313 കോടി രൂപ നികുതിക്ക് മുമ്പുള്ള ലാഭം രേഖപ്പെടുത്തി. ബാങ്കിന്റെ നിക്ഷേപ വളർച്ചയും കടം വസൂലാക്കലിലെ മെച്ചപ്പെടുത്തലുമാണ് ലാഭ വർദ്ധനവിന് കാരണമായി റിപ്പോർട്ട് ചെയ്യുന്നത്.",2
കേരളത്തിലെ ഏറ്റവും വലിയ ഷോപ്പിംഗ് മാളായ 'ഗ്രാൻഡ് ബസാർ' തുടക്കത്തിന് തയ്യാറെടുക്കുകയാണ്. കൊച്ചിയിലെ കാക്കനാട് പ്രദേശത്ത് നൂറു കോടി രൂപ മുതൽമുടക്കിലാണ് ഈ പദ്ധതി. 2025 മാർച്ച് മാസത്തിലാണ് ഇത് പൂർണ്ണമായും പ്രവർത്തനം തുടങ്ങേണ്ടതെന്ന് കമ്പനി ഡയറക്ടർ അനു പി. മേനോൻ അറിയിച്ചു. ഇത് ഏകദേശം 500 പേർക്ക് തൊഴിൽ അവസരങ്ങൾ സൃഷ്ടിക്കും.,2
കൊച്ചിയിലെ ആദ്യത്തെ ഐഎസ്ഒ സർട്ടിഫൈഡ് ഹരിത ഹൈഡ്രജൻ പ്ലാന്റിന് ബിനാനി ഗ്രൂപ്പ് തുടക്കം കുറിച്ചു. 25 മെഗാവാട്ട് ശേഷിയുള്ള ഈ പദ്ധതിക്ക് 850 കോടി രൂപയാണ് നിക്ഷേപിക്കുന്നത്. ഇത് കേരളത്തിലെ ശുദ്ധജല സ്രോതസ്സുകളുടെ സംരക്ഷണത്തിന് പ്രധാന പങ്ക് വഹിക്കുമെന്ന് കമ്പനി പ്രസ്താവനയിൽ വ്യക്തമാക്കി.,2
കേരളത്തിലെ ഏറ്റവും വലിയ ഷോപ്പിംഗ് മാളായ 'ഗ്രാൻഡ് മാള്' തുടങ്ങുന്നതിന് മുമ്പ് തന്നെ 80 ശതമാനം ഷോപ്പുകള് വാടകക്കെടുത്തു. ഈ വാടക ഇനിയും കൂടുതലാകുമെന്ന് മാനേജ്മെന്റ് പ്രതീക്ഷിക്കുന്നു. ഈ വർഷം അവസാനത്തോടെ മാള പൂർണ്ണമായും തുറക്കുമെന്ന് പ്രതീക്ഷിക്കുന്നു.,2
"കേരളത്തിലെ ഏറ്റവും വലിയ റീയൽ എസ്റ്റേറ്റ് ഡവലപ്പർമാരിലൊന്നായ അഭയ ഗ്രൂപ്പ്, കൊച്ചിയിൽ പുതിയ ഒരു ഹൈറൈസ് റെസിഡൻഷ്യൽ പ്രോജക്റ്റ് പ്രഖ്യാപിച്ചു. 200 കോടി രൂപ മുതൽമുടക്കിലുള്ള ഈ പദ്ധതി അടുത്ത വർഷം ആരംഭിക്കും എന്ന് കമ്പനി ഡയറക്ടർ അനിൽ കുമാർ പറഞ്ഞു. ഈ നിക്ഷേപം പ്രാദേശിക നിർമ്മാണ മേഖലയ്ക്ക് ഗണ്യമായ ഊന്നൽ നൽകുമെന്ന് പ്രതീക്ഷിക്കപ്പെടുന്നു.",2
കേരളത്തിലെ ഏറ്റവും വലിയ ഷോപ്പിംഗ് മാളായ ഗ്രാന്റ് മാളിൽ പുതിയ നിക്ഷേപം നടക്കുകയാണ്. ദുബായ് ആസ്ഥാനമായുള്ള ഒരു നിക്ഷേപ കമ്പനി 500 കോടി രൂപ നിക്ഷേപിക്കാൻ തീരുമാനിച്ചിരിക്കുന്നു. ഈ നിക്ഷേപത്തോടെ മാളയുടെ വിപുലീകരണ പ്രവർത്തനങ്ങൾക്ക് വേഗത കൂടുമെന്ന് ഉടമസ്ഥർ പറയുന്നു.,2
കൊച്ചിയിലെ ആദ്യത്തെ ഐഎസ്ഒ സർട്ടിഫൈഡ് ഹരിത ഹൈഡ്രജൻ പ്ലാന്റിന് ആദ്യകാല നിർമാണ പ്രവർത്തനങ്ങൾക്ക് സർക്കാർ അനുമതി നൽകി. രണ്ട് വർഷത്തിനുള്ളിൽ പൂർത്തിയാകുന്നതിന് പദ്ധതി തയ്യാറായിട്ടുണ്ടെന്ന് ഊർജ മന്ത്രി പ്രഖ്യാപിച്ചു. ഇത് രാജ്യത്തെ ശുദ്ധമായ ഊർജ്ജ മേഖലയിലെ ഒരു പ്രധാന മാറ്റമായി കണക്കാക്കപ്പെടുന്നു.,2
കേരളത്തിലെ ആദ്യ ബ്ലോക്ചെയിൻ സ്റ്റാർട്ടപ്പായ 'ക്രിപ്ടോകെ' 50 കോടി രൂപ നിക്ഷേപം നേടി. ബാംഗ്ലൂരുമായി ചേർന്ന് പുതിയ സാങ്കേതിക കേന്ദ്രം ആരംഭിക്കുമെന്നും കമ്പനി പ്രഖ്യാപിച്ചു. ഈ നിക്ഷേപം സംസ്ഥാനത്തെ സാങ്കേതിക മേഖലയ്ക്ക് ഒരു വലിയ തിരിവാകുമെന്ന് പ്രതീക്ഷിക്കുന്നു.,2
"കേരളത്തിലെ ഏറ്റവും വലിയ റീയൽ എസ്റ്റേറ്റ് കമ്പനിയായ ഗോഡ്രേജ് പ്രോപ്പർട്ടീസ്, കൊച്ചിയിൽ പുതിയ 500 കോടി രൂപ മുതൽമുടക്കിലുള്ള ഒരു ലക്ഷ്യാധിഷ്ഠിത ഷോപ്പിംഗ് മാളിനounceച്ചു. ഈ പദ്ധതി അടുത്ത വർഷം ആരംഭിക്കുമെന്നും 2027-ലൊരാണ് പൂർത്തിയാകുമെന്നും കമ്പനി പ്രസ്താവനയിൽ വ്യക്തമാക്കി. ഇത് ഏകദേശം 1000 തൊഴിലവസരങ്ങൾ സൃഷ്ടിക്കുമെന്ന് പ്രതീക്ഷിക്കുന്നു.",2
കൊച്ചിയിലെ ആദ്യത്തെ ഐടി പാർക്ക് 'ഇൻ്ഫോപാർക്ക്' ഇന്ന് ഉദ്ഘാടനം ചെയ്യും. മുഖ്യമന്ത്രി പിണറായി വിജയൻ ഈ പദ്ധതി ഉദ്ഘാടനം ചെയ്യും. 50 കോടി രൂപ മുതൽമുടക്കിലുള്ള ഈ പദ്ധതി 5000 ത്തോളം ജോലിസ്ഥലങ്ങൾ സൃഷ്ടിക്കുമെന്ന് പ്രതീക്ഷിക്കുന്നു. ഇത് കേരളത്തിൻ്റെ സാങ്കേതിക ഉദ്യമ മേഖലയ്ക്ക് ഒരു പുതിയ ചാലിക തുറക്കുമെന്നാണ് വിദഗ്ധർ പറയുന്നത്.,2
കൊച്ചിയിലെ ആദ്യത്തെ ഐഎസ്ഒ സർട്ടിഫൈഡ് ഹരിത ഹൈഡ്രജൻ ഉൽപാദന യൂണിറ്റിന് ഇന്ത്യൻ ഓയിൽ കോർപ്പറേഷന് (ഐഓസി) ക്ലിയറൻസ് ലഭിച്ചു. ഈ പദ്ധതിക്ക് 150 കോടി രൂപയുടെ നിക്ഷേപം നടക്കുമെന്ന് കമ്പനി പ്രഖ്യാപിച്ചു. ഇത് രാജ്യത്തെ ശുദ്ധജല സ്രോതസ്സുകളിൽ നിന്ന് പുനരുപയോഗ ജലം ഉപയോഗിച്ച് ഹൈഡ്രജൻ ഉത്പാദിപ്പിക്കുന്ന ആദ്യത്തെ യൂണിറ്റായിരിക്കും. ഇത് ഊർജ്ജ മേഖലയിൽ ഒരു പ്രധാന മാറ്റമാകുമെന്ന് പ്രതീക്ഷിക്കുന്നു.,2
"കൊച്ചിയിലെ ആദ്യത്തെ ഐടി പാർക്ക് 'ഇൻ്ഫോപാർക്കിൻ്റെ' രണ്ടാം ഘട്ട നിർമാണം ആരംഭിച്ചു. 50 കോടി രൂപയുടെ ഈ പദ്ധതി അടുത്ത മൂന്ന് വർഷത്തിനുള്ളിൽ പൂർത്തിയാകുമെന്ന് ഐടി മന്ത്രി പ്രകാശ് ജാവഡേക്കർ അറിയിച്ചു. ഇത് 5,000 ത്തോളം ഉയർന്ന തൊഴിലവസരങ്ങൾ സൃഷ്ടിക്കുമെന്ന് പ്രതീക്ഷിക്കുന്നു.",2
"കേരളത്തിലെ ഏറ്റവും വലിയ ഷോപ്പിംഗ് മാളായ 'ഗ്രാൻഡ് ബസാർ' തുടക്കത്തിന് തയ്യാറെടുക്കുകയാണ്. കൊച്ചിയിലെ കാക്കനാട് പ്രദേശത്ത് 200 കോടി രൂപ മുതൽമുടക്കിലാണ് ഈ പദ്ധതി നടപ്പിലാക്കുന്നത്. ഇത് നാല് ലക്ഷം ചതുരശ്ര അടി വിസ്തീർണ്ണമുള്ളതാണ്, അത് 500-ലധികം റീട്ടെയിൽ സ്ഥലങ്ങൾ ഉൾക്കൊള്ളും. ഈ വർഷം ഡിസംബറോടെ പൂർത്തിയാകുന്നതോടെ 2,000 ത്തോളം തൊഴിലവസരങ്ങൾ സൃഷ്ടിക്കും.",2
"കേരളത്തിലെ ഏറ്റവും വലിയ ഷോപ്പിംഗ് മാളായ 'ഗ്രാൻഡ് ബസാർ' അടുത്ത മാസം തുറക്കും. കോച്ചിയിലെ കാക്കനാട് പ്രദേശത്ത് നൂറു കോടി രൂപ മുതൽമുടക്കിലാണ് ഈ പദ്ധതി നടക്കുന്നത്. ഇത് സ്ഥാപിക്കുന്നത് ബാംഗ്ലൂര്‍ ആസ്ഥാനമായുള്ള 'ഫ്യൂച്ചർ ഗ്രൂപ്പ്' ആണ്, അവർക്ക് ഇതിലൂടെ രാജ്യത്തെ ആറാമത്തെ വ്യാപാര കേന്ദ്രം ലഭിക്കും. ഇത് ഏകദേശം ആയിരത്തി അഞ്ഞൂറ് തൊഴിലവസരങ്ങൾ സൃഷ്ടിക്കുമെന്ന് കമ്പനി പ്രതീക്ഷിക്കുന്നു.",2
കൊച്ചിയിലെ ആദ്യത്തെ ഐഎസ്ഒ സർട്ടിഫൈഡ ഗ്രീൻ ഹൈഡ്രജൻ പ്ലാന്റിന് കേന്ദ്ര സർക്കാർ അന്തിമ അനുമതി നൽകി. 500 കോടി രൂപ മുതൽമുടക്കിലുള്ള ഈ പദ്ധതി അടുത്ത വർഷം പ്രവർത്തനമാരംഭിക്കും. ഇത് പ്രദേശത്തെ 500 ത്തോളം പേർക്ക് തൊഴിൽവസരം ഒരുക്കുകയും ഊർജ്ജ മേഖലയിൽ ഒരു പുതിയ തിരിവുണ്ടാക്കുകയും ചെയ്യും.,2
"കൊച്ചിയിലെ ആദ്യത്തെ ഐഎസ്ഒ സർട്ടിഫൈഡ് ഗ്രീൻ ഹൈഡ്രജൻ പ്ലാന്റിന് ഇന്ത്യൻ ഓയിൽ കോർപ്പറേഷന് (ഐഓസി) സർക്കാർ അനുമതി നൽകി. 238 കോടി രൂപ മുതൽമുടക്കിലുള്ള ഈ പദ്ധതി കേരളത്തിലെ ശുദ്ധവായു ലക്ഷ്യങ്ങൾ നേടുന്നതിന് ഗണ്യമായി സംഭാവന ചെയ്യും. ഈ നൂതന യൂണിറ്റ് വാർഷികമായി 5,000 മെട്രിക് ടൺ ഗ്രീൻ ഹൈഡ്രജൻ ഉത്പാദിപ്പിക്കും.",2
"കേരളത്തിലെ സ്റ്റാർട്ടപ്പുകൾക്ക് വലിയ തിരിവുണ്ടാക്കുന്ന നിക്ഷേപം പ്രഖ്യാപിച്ചു. സോഷ്യൽ ഇമ്പാക്റ്റ് ഫണ്ടായ 'ഫ്യൂച്ചർ വെഞ്ചേഴ്സ്' 200 കോടി രൂപ നിക്ഷേപിക്കുമെന്ന് പ്രഖ്യാപിച്ചിരിക്കുന്നു. ആരോഗ്യം, വിദ്യാഭ്യാസം, ശുദ്ധജലം എന്നീ മേഖലകളിൽ പ്രവർത്തിക്കുന്ന സാങ്കേതിക സ്റ്റാർട്ടപ്പുകളെ ലക്ഷ്യംവച്ചാണ് ഈ നിക്ഷേപം. ഇത് സംസ്ഥാനത്തിന്റെ സാമ്പത്തിക വളർച്ചയ്ക്ക് ഊർജ്ജം പകരുമെന്ന് പ്രതീക്ഷിക്കുന്നു.",2
കൊച്ചിയിലെ ആദ്യത്തെ ഐഎസ്ഒ സർട്ടിഫൈഡ് ഹരിത ഹൈഡ്രജൻ ഉൽപാദന യൂണിറ്റിന് ഇന്ന് ഔദ്യോഗികമായി തുടക്കം കുറിച്ചു. ഇത് മൂലം പ്രതിവർഷം മൂന്ന് ലക്ഷം ടൺ കാർബൺ ഉദ്‌വമനം കുറയ്ക്കാനും രാജ്യത്തിന് ഊർജ്ജ സുരക്ഷിതത്വം ഉറപ്പ് വരുത്താനും സാധിക്കും. ഈ പദ്ധതിക്ക് 500 കോടി രൂപ മുതൽമുടക്കിലാണ് കേന്ദ്ര സർക്കാരിന്റെ പിന്തുണ.,2
"കൊച്ചിയിലെ ആദ്യത്തെ സ്റ്റാർട്ടപ്പ് ഇൻകുബേറ്റർ 'ഇന്നോവേറ്റ് കൊച്ചി' അടുത്ത മാസം പ്രവർത്തനം ആരംഭിക്കും. ഇത് 50-ലധികം പുതിയ സംരംഭങ്ങൾക്ക് ഓഫീസ് സ്പേസ്, മെന്റർഷിപ്പ്, ഫണ്ടിംഗ് ഓപ്പർച്യൂണിറ്റികൾ നൽകും. ഈ പദ്ധതി സംസ്ഥാനത്തെ സാമ്പത്തിക വളർച്ചയ്ക്ക് ഗണ്യമായി സംഭാവന ചെയ്യുമെന്ന് കൊച്ചി സ്മാർട്ട് സിറ്റി ലിമിറ്റഡ് പ്രതീക്ഷിക്കുന്നു.",2
കേരളത്തിലെ ഏറ്റവും വലിയ റീട്ടെയിൽ ശൃംഖലയായ 'സിറ്റി മാർട്ട്' അടുത്ത വർഷം തമിഴ്നാട്ടിൽ 20 പുതിയ കേന്ദ്രങ്ങൾ തുറക്കുമെന്ന് കമ്പനി പ്രഖ്യാപിച്ചു. ഈ വിപുലീകരണത്തിനായി 200 കോടി രൂപ നിക്ഷേപിക്കാനുള്ള പദ്ധതിയാണ്. ഇത് 1500 തൊഴിലവസരങ്ങൾ സൃഷ്ടിക്കും എന്നും കമ്പനി ഡയറക്ടർ ശ്രീ. രാജീവ് മേനോൻ വ്യക്തമാക്കി.,2
കൊച്ചിയിലെ സ്റ്റാർട്ടപ്പ് 'ഗ്രീൻ ടെക് സൊലൂഷൻസ്' 50 കോടി രൂപ നിക്ഷേപം നേടി. ഈ ഫണ്ടിംഗ് ലീഡ് ഇൻവെസ്റ്റർ ആയ ബ്ലൂ ഓഷ്യൻ വെഞ്ചേഴ്സിന്റെ നേതൃത്വത്തിലാണ് നടന്നത്. കമ്പനി ഈ ഫണ്ട് കൊണ്ട് തമിഴ്നാട്ടിൽ പുതിയ ഉൽപാദന യൂണിറ്റ് സ്ഥാപിക്കുമെന്ന് പ്രഖ്യാപിച്ചു. ഇത് 200-ലധികം തൊഴിലവസരങ്ങൾ സൃഷ്ടിക്കും എന്ന് പ്രതീക്ഷിക്കുന്നു.,2
കൊച്ചിയിലെ ആദ്യത്തെ ഐടി പാർക്ക് 'ഇൻഫോപാർക്ക്' അടുത്ത മൂന്ന് വർഷത്തിനുള്ളിൽ 5000 ജോലി സ്ഥാനങ്ങൾ സൃഷ്ടിക്കുമെന്ന് കമ്പനി അധികൃതർ പ്രഖ്യാപിച്ചു. ഇതിനായി 200 കോടി രൂപ നിക്ഷേപിക്കാൻ പദ്ധതിയിട്ടിരിക്കുന്നു. ഈ വികസനം പ്രാദേശിക സാമ്പത്തിക ചട്ടക്കൂടിന് ശക്തി പകരുമെന്ന് പ്രതീക്ഷിക്കുന്നു.,2
കൊച്ചിയിലെ ആദ്യത്തെ ഐഎസ്ഒ സർട്ടിഫൈഡ് ഹരിത ഹൈഡ്രജൻ പ്ലാന്റിന് കേന്ദ്ര സർക്കാർ അനുമതി നൽകി. ടാറ്റാ മോട്ടോഴ്സിനെതിരെയുള്ള വ്യാജ ചീഫ് എക്സിക്യൂട്ടീവ് ഓഫീസർ കേസിൽ എൻഫോഴ്സ്മെന്റ് ഡയറക്ടറേറ്റ് തീവ്രനടപടികൾക്ക് തയ്യാറെടുക്കുന്നു. ഇന്ത്യൻ സ്റ്റോക്ക് മാർക്കറ്റിൽ ബിഎസ്ഇ സെൻസെക്സ് 500 പോയിന്റ് ഉയരുന്നു.,2
കേരളത്തിലെ ആദ്യ ബ്ലോക്ക്ചെയിൻ താങ്ങിയ സ്റ്റാർട്ട്അപ്പായ 'ക്രിപ്ടോകെ' 50 കോടി രൂപ നിക്ഷേപം നേടി. ബാംഗ്ലൂരുമായി ചേർന്ന് പുതിയ ടെക് ഹബ് സ്ഥാപിക്കാനാണ് കമ്പനി ഉദ്ദേശിക്കുന്നത്. ഈ നിക്ഷേപം കേരളത്തിലെ ടെക് മേഖലയ്ക്ക് ഒരു വലിയ പ്രോത്സാഹനമാണെന്ന് മുഖ്യമന്ത്രി പിണറായി വിജയൻ പറഞ്ഞു.,2
"കൊച്ചിയിലെ ആദ്യത്തെ ഐഎസ്ഒ സർട്ടിഫൈഡ് ഗ്രീൻ ഹൈഡ്രജൻ പ്ലാന്റിന് ഇന്ത്യൻ ഓയിൽ കോർപ്പറേഷന് (ഐഓസി) സർക്കാരിൽ നിന്ന് അനുമതി ലഭിച്ചു. 350 കോടി രൂപ മുതൽമുടക്കിലുള്ള ഈ പദ്ധതി കേരളത്തിലെ ശുദ്ധവായു ലക്ഷ്യങ്ങൾ നേടുന്നതിന് വലിയ തിരിവാകും. ഈ യൂണിറ്റ് വാർഷികമായി 5,000 മെട്രിക് ടൺ ഗ്രീൻ ഹൈഡ്രജൻ ഉത്പാദിപ്പിക്കുമെന്ന് കമ്പനി പ്രതീക്ഷിക്കുന്നു.",2
"കേരളത്തിലെ ഏറ്റവും വലിയ ഷോപ്പിംഗ് മാളായ ലുലു ഗ്രൂപ്പ്, തമിഴ്നാട്ടിലെ കോയമ്പത്തൂരിൽ പുതിയ മാള് നിർമ്മിക്കാൻ തീരുമാനിച്ചു. 500 കോടി രൂപയുടെ ഈ നിക്ഷേപ പദ്ധതി അടുത്ത വർഷം ആരംഭിക്കുമെന്ന് കമ്പനി പ്രസ്താവനയിൽ വ്യക്തമാക്കി. ഇത് പ്രദേശത്ത് 1500 തൊഴിലവസരങ്ങൾ സൃഷ്ടിക്കും എന്ന് പ്രതീക്ഷിക്കുന്നു.",2
"കേരളത്തിലെ ഏറ്റവും വലിയ ഷോപ്പിംഗ് മാളായ ഗ്രാന്റ് മാള്‍, ഇനി ഒരു പുതിയ ഓണ്‍ലൈന്‍ ഷോപ്പിംഗ് പ്ലാറ്റ്ഫോം ആരംഭിക്കുന്നു. കോവിഡ്-19 പോസ്റ്റ്-പാന്ഡെമിക് കാലഘട്ടത്തില്‍ ഓണ്‍ലൈന്‍ വ്യവസായം വളര്‍ച്ച കണ്ടതിനെ തുടര്‍ന്നാണ് ഈ തീരുമാനം. ഈ പുതിയ സേവനത്തില്‍ 500-ലധികം ചില്ലറ വ്യാപാരികളെ ഉള്‍പ്പെടുത്താന്‍ കമ്പനി ലക്ഷ്യമിടുന്നു.",2
"കേരളത്തിലെ ഏറ്റവും വലിയ ഷോപ്പിംഗ് മാളായ 'ഗ്രാൻഡ് ബസാർ' അടുത്ത മാസം തുറക്കും. കോഴിക്കോട് ജില്ലയിലെ ഈ പുതിയ ശോപ്പിംഗ് കോംപ്ലക്സ് 200-ലധികം ബ്രാൻഡുകളെ ഉൾക്കൊള്ളും, 500-ലധികം പേർക്ക് തൊഴിൽ അവസരം നൽകുമെന്ന് മാനേജിംഗ് ഡയറക്ടർ വിജയകുമാർ പറഞ്ഞു. ഇത് സംസ്ഥാനത്തിന്റെ ചില്ലറ വ്യാപാര മേഖലയ്ക്ക് ഒരു പുതിയ ചുവടുറപ്പിക്കും.",2
"കേരളത്തിലെ ഏറ്റവും വലിയ റീയൽ എസ്റ്റേറ്റ് ഡെവലപ്പർമാരിലൊന്നായ ഗോഡ്രെജ് പ്രോപ്പർട്ടീസ്, തിരുവനന്തപുരത്ത് 500 കോടി രൂപ മുതൽമുടക്കിലുള്ള ഒരു പുതിയ ഷോപ്പിംഗ് മാളിന് തറക്കല്ലിട്ടു. കമ്പനിയുടെ ചെയർമാൻ ശ്രീ. അനിൽ കുമാർ പറഞ്ഞു, 'ഈ പദ്ധതി പ്രാദേശിക സാമ്പത്തിക പ്രവർത്തനങ്ങളെ ശക്തിപ്പെടുത്തുകയും 1000-ലധികം തൊഴിലവസരങ്ങൾ സൃഷ്ടിക്കുകയും ചെയ്യും.' വിപണിയിൽ ഉയർന്നുവരുന്ന ആവശ്യങ്ങൾ കണക്കിലെടുത്താണ് ഈ നിക്ഷേപം.",2
കൊച്ചിയിലെ ആദ്യത്തെ ഐടി പാർക്ക് 'ഇൻ്ഫോപാർക്കിൻ്റെ' പുതിയ ബ്ലോക്ക് ഇന്ന് ഉദ്ഘാടനം ചെയ്തു. മുഖ്യമന്ത്രി പിണറായി വിജയൻ ആണ് ബ്ലോക്ക് ഉദ്ഘാടനം ചെയ്തത്. ഇതോടെ 50-ലധികം പുതിയ ടെക് കമ്പനികൾക്ക് ഇവിടെ പ്രവർത്തനം ആരംഭിക്കാനുള്ള അവസരം ലഭിക്കും. ഇത് രാജ്യത്തെ ഏറ്റവും വലിയ ടെക് ഇൻക്യുബേറ്റർ സ്പേസുകളിലൊന്നായി മാറുമെന്ന് പ്രതീക്ഷിക്കുന്നു.,2
"കൊച്ചിയിലെ ആദ്യത്തെ ഐടി പാർക്കിന് കേന്ദ്ര സർക്കാരിന്റെ അന്തിമ അനുമതി ലഭിച്ചു. 200 കോടി രൂപ മുതൽമുടക്കിലൂടെ നാല് ലക്ഷം ചതുരശ്ര അടി വിസ്തീർണത്തിൽ നിർമിക്കാനുള്ള ഈ പദ്ധതി 5,000 ത്തോളം തൊഴിലവസരങ്ങൾ സൃഷ്ടിക്കും. സംസ്ഥാനത്തെ സാങ്കേതിക മേഖലയ്ക്ക് ഒരു വലിയ ഊന്നൽ ആയിരിക്കും ഇത്.",2
